,timestamp,current_price,strike_price,gamma,vega,volatility,days_to_expiry,price,delta,theta
0,2024-12-18 00:00:00,106064.7,90000.0,1.0416625063680558e-05,16325.908656478818,0.5085122956579458,100,4018.0899858438497,-0.2173962266137517,-14338.72898725165
1,2024-12-18 01:00:00,105284.4,90000.0,1.0756120173378344e-05,16444.758021094694,0.5085122956579458,99,4151.056485462279,-0.22499790417658883,-14580.26988823666
2,2024-12-18 02:00:00,105270.2,90000.0,1.0761709376614201e-05,16448.865305205174,0.5085122956579458,99,4154.252540321453,-0.22515068076536815,-14583.637576249803
3,2024-12-18 03:00:00,104723.5,90000.0,1.097752668305255e-05,16604.912331938252,0.5085122956579458,99,4278.961387646268,-0.23109304593556734,-14711.199740722905
4,2024-12-18 04:00:00,103832.8,90000.0,1.13314906577502e-05,16850.002311205913,0.5085122956579458,99,4489.19716897358,-0.241028169838449,-14909.869512265297
5,2024-12-18 05:00:00,103523.9,90000.0,1.1454819869238027e-05,16932.19658041169,0.5085122956579458,99,4564.193351869471,-0.24454750879340992,-14975.972814164556
6,2024-12-18 06:00:00,103750.7,90000.0,1.1364243663076701e-05,16871.993393566012,0.5085122956579458,99,4509.02380795317,-0.24195982960090967,-14927.583194083774
7,2024-12-18 07:00:00,104218.0,90000.0,1.117808852918422e-05,16745.449220771283,0.5085122956579458,99,4397.189999371098,-0.23669283960892562,-14825.38997812382
8,2024-12-18 08:00:00,103781.3,90000.0,1.1352033844959075e-05,16863.809162295416,0.5085122956579458,99,4501.625155773421,-0.24161227056177625,-14920.993166097196
9,2024-12-18 09:00:00,104015.1,90000.0,1.1258834367273971e-05,16800.801497030534,0.5085122956579458,99,4445.445622397863,-0.23896906322040423,-14870.167933540139
10,2024-12-18 10:00:00,104515.4,90000.0,1.1059982400950333e-05,16663.215025313748,0.5085122956579458,99,4327.290139594377,-0.23338604599048884,-14758.656448748225
11,2024-12-18 11:00:00,104971.5,90000.0,1.0879475950765316e-05,16534.63344072549,0.5085122956579458,99,4221.986887455932,-0.2283827825663558,-14653.84458857228
12,2024-12-18 12:00:00,104864.3,90000.0,1.0921829696635231e-05,16565.117213081314,0.5085122956579458,99,4246.53211544409,-0.22955133214184786,-14678.742300234879
13,2024-12-18 13:00:00,104529.9,90000.0,1.1054231920480077e-05,16659.17270050072,0.5085122956579458,99,4323.907204406656,-0.2332257179375702,-14755.369874352598
14,2024-12-18 14:00:00,103976.4,90000.0,1.1274250035358784e-05,16811.2886150253,0.5085122956579458,99,4454.702160113986,-0.2394050783888112,-14878.638340970016
15,2024-12-18 15:00:00,104386.1,90000.0,1.1111293767739488e-05,16699.126811060938,0.5085122956579458,99,4357.559551377257,-0.2348194183610932,-14787.828978557014
16,2024-12-18 16:00:00,104165.9,90000.0,1.1198809608555945e-05,16759.721244070894,0.5085122956579458,99,4409.536876645638,-0.2372757577669904,-14836.946640392694
17,2024-12-18 17:00:00,104623.9,90000.0,1.1016971409409012e-05,16632.894039437622,0.5085122956579458,99,4302.032769633006,-0.2321883716330797,-14733.990493178459
18,2024-12-18 18:00:00,104782.7,90000.0,1.0954099342758172e-05,16588.21416749155,0.5085122956579458,99,4265.299901780425,-0.230443869871087,-14697.58682653898
19,2024-12-18 19:00:00,102777.0,90000.0,1.1753970566195051e-05,17124.593099123005,0.5085122956579458,99,4750.0687625377905,-0.2532147566599817,-15129.506549810965
20,2024-12-18 20:00:00,100776.0,90000.0,1.2558812264130321e-05,17591.65056467274,0.5085122956579458,99,5280.819631201943,-0.27753933927950936,-15493.068367127991
21,2024-12-18 21:00:00,100962.8,90000.0,1.2483644920797281e-05,17551.246615744563,0.5085122956579458,99,5229.193960610079,-0.27520037343888415,-15462.271236431778
22,2024-12-18 22:00:00,101307.2,90000.0,1.2345020645905222e-05,17474.961740334526,0.5085122956579458,99,5135.15256281606,-0.2709248762938923,-15403.73313638602
23,2024-12-18 23:00:00,100148.6,90000.0,1.2811032100507251e-05,17722.20162338199,0.5085122956579458,99,5457.436134404459,-0.2854978836892751,-15591.462346349286
24,2024-12-19 00:00:00,100777.0,90000.0,1.2558409931254517e-05,17591.436114641758,0.5085122956579458,99,5280.542098142032,-0.2775267806684115,-15492.905308118627
25,2024-12-19 01:00:00,99717.1,90000.0,1.304200560501573e-05,17705.913236019744,0.5085122956579458,98,5538.8324372828065,-0.2906710119555411,-15731.335977243429
26,2024-12-19 02:00:00,100471.9,90000.0,1.2736140014762643e-05,17553.419216052735,0.5085122956579458,98,5323.120103911802,-0.2809422774379018,-15616.141388744521
27,2024-12-19 03:00:00,101141.4,90000.0,1.246424583560803e-05,17408.389595308076,0.5085122956579458,98,5137.863305366598,-0.2725064297571824,-15504.313428229156
28,2024-12-19 04:00:00,100599.9,90000.0,1.268418619164715e-05,17526.38615493252,0.5085122956579458,98,5287.263685002705,-0.279315376366142,-15595.448627925152
29,2024-12-19 05:00:00,101243.8,90000.0,1.2422638182222697e-05,17385.427748858496,0.5085122956579458,98,5110.02392279105,-0.27123222127583946,-15486.437359802916
30,2024-12-19 06:00:00,101129.2,90000.0,1.2469202824443449e-05,17411.11172518977,0.5085122956579458,98,5141.188811521788,-0.2726585237940534,-15506.429753337625
31,2024-12-19 07:00:00,101595.0,90000.0,1.2279933533223899e-05,17305.149485644524,0.5085122956579458,98,5015.530346113577,-0.2668944499670144,-15423.613878304475
32,2024-12-19 08:00:00,101580.8,90000.0,1.228570312599638e-05,17308.44068241717,0.5085122956579458,98,5019.321485559907,-0.2670688659872238,-15426.199000772469
33,2024-12-19 09:00:00,101767.3,90000.0,1.220993244351666e-05,17264.914639218012,0.5085122956579458,98,4969.726364986098,-0.2647846481908487,-15391.9483145493
34,2024-12-19 10:00:00,102357.7,90000.0,1.1970225882252256e-05,17122.928876398735,0.5085122956579458,98,4815.511599705249,-0.2576466808192073,-15279.346782954462
35,2024-12-19 11:00:00,102417.8,90000.0,1.1945845223439507e-05,17108.125938114805,0.5085122956579458,98,4800.048637797925,-0.25692800290589846,-15267.536293153657
36,2024-12-19 12:00:00,101959.4,90000.0,1.2131905838346887e-05,17219.409047283978,0.5085122956579458,98,4919.086042103911,-0.26244661500670396,-15356.00047222847
37,2024-12-19 13:00:00,101909.5,90000.0,1.21521717036538e-05,17231.29464131359,0.5085122956579458,98,4932.197240886337,-0.2630525027337416,-15365.403000997389
38,2024-12-19 14:00:00,100902.4,90000.0,1.2561343230225844e-05,17461.186247735364,0.5085122956579458,98,5203.349251614534,-0.2754969881597633,-15545.247165078224
39,2024-12-19 15:00:00,100611.4,90000.0,1.2679517600529232e-05,17523.94110952253,0.5085122956579458,98,5284.052396813393,-0.2791695350692083,-15593.573406198957
40,2024-12-19 16:00:00,100658.8,90000.0,1.2660273501640056e-05,17513.835044732143,0.5085122956579458,98,5270.83399756164,-0.278568982011431,-15585.816322675993
41,2024-12-19 17:00:00,98781.4,90000.0,1.3419290707747007e-05,17877.82101572458,0.5085122956579458,98,5816.577814503864,-0.30305113385538096,-15857.267540078843
42,2024-12-19 18:00:00,98867.7,90000.0,1.3384610435151182e-05,17862.788960733073,0.5085122956579458,98,5790.474429971189,-0.30189454532560944,-15846.46154798349
43,2024-12-19 19:00:00,97154.9,90000.0,1.4066579959512696e-05,18128.113312389913,0.5085122956579458,98,6327.527708779278,-0.3254058238484977,-16028.590797704821
44,2024-12-19 20:00:00,96379.4,90000.0,1.4369677513432863e-05,18224.269456985185,0.5085122956579458,98,6584.140234129241,-0.3364322581238163,-16087.638764888432
45,2024-12-19 21:00:00,97352.0,90000.0,1.3988898652192884e-05,18101.224289484806,0.5085122956579458,98,6263.662950458529,-0.32264095245204416,-16011.194371534888
46,2024-12-19 22:00:00,98303.6,90000.0,1.3610769266195568e-05,17957.926368804514,0.5085122956579458,98,5962.91470462369,-0.3095086524166524,-15914.035169602446
47,2024-12-19 23:00:00,97399.4,90000.0,1.3970181650769627e-05,18094.61245610139,0.5085122956579458,98,6248.385477153759,-0.32197832219538336,-16006.868856845049
48,2024-12-20 00:00:00,97188.8,90000.0,1.4053236601403253e-05,18123.558234443026,0.5085122956579458,98,6316.504531522616,-0.32492919293708666,-16025.666708555476
49,2024-12-20 01:00:00,96271.8,90000.0,1.4482543209650012e-05,18139.417848410158,0.5085122956579458,97,6576.209695084937,-0.337803681550343,-16181.737796185384
50,2024-12-20 02:00:00,97583.7,90000.0,1.3963822926044208e-05,17969.633641687567,0.5085122956579458,97,6145.359939791626,-0.3191429784271187,-16073.55892174573
51,2024-12-20 03:00:00,97056.0,90000.0,1.4173897313388301e-05,18043.23425624367,0.5085122956579458,97,6315.725693408007,-0.32656719257797673,-16122.299800700166
52,2024-12-20 04:00:00,97249.9,90000.0,1.4096910745714211e-05,18017.005252716022,0.5085122956579458,97,6252.670282237377,-0.32382633375520187,-16105.194009580358
53,2024-12-20 05:00:00,96695.0,90000.0,1.4316546094581739e-05,18089.50236096325,0.5085122956579458,97,6434.543131492159,-0.3317097452451303,-16151.620636418562
54,2024-12-20 06:00:00,97245.1,90000.0,1.409881950010902e-05,18017.666055824146,0.5085122956579458,97,6254.224811043125,-0.3238940035078506,-16105.628802969379
55,2024-12-20 07:00:00,97783.8,90000.0,1.3883727968074116e-05,17939.909379600886,0.5085122956579458,97,6081.778451489474,-0.3163568272016428,-16053.285461866142
56,2024-12-20 08:00:00,95409.7,90000.0,1.4816028701317022e-05,18226.24481847207,0.5085122956579458,97,6872.853594380213,-0.3504333092170786,-16228.496005512385
57,2024-12-20 09:00:00,94751.5,90000.0,1.5065810427358511e-05,18278.68777771913,0.5085122956579458,97,7106.736268640801,-0.36026767007170835,-16250.618690314306
58,2024-12-20 10:00:00,94325.9,90000.0,1.5224804642725664e-05,18306.021677521454,0.5085122956579458,97,7261.435480106302,-0.36671358679183186,-16258.488459395481
59,2024-12-20 11:00:00,92681.1,90000.0,1.5817543481225438e-05,18361.228045226577,0.5085122956579458,97,7885.471709597419,-0.3922478622229584,-16239.684123138244
60,2024-12-20 12:00:00,93896.0,90000.0,1.5383212372401008e-05,18328.273088921753,0.5085122956579458,97,7420.497426540023,-0.37329286186728106,-16261.201827482928
61,2024-12-20 13:00:00,95174.1,90000.0,1.4905952720532828e-05,18246.41822158703,0.5085122956579458,97,6955.827714541389,-0.3539345695340751,-16237.787407758062
62,2024-12-20 14:00:00,95586.6,90000.0,1.4748151173170927e-05,18210.083495604136,0.5085122956579458,97,6811.09341186205,-0.3478183530745558,-16220.525568037616
63,2024-12-20 15:00:00,96941.9,90000.0,1.4219082529209589e-05,18058.220760793592,0.5085122956579458,97,6353.079371810338,-0.3281870129230957,-16131.924320160377
64,2024-12-20 16:00:00,96687.6,90000.0,1.4319460436381142e-05,18090.415531737413,0.5085122956579458,97,6436.998175620596,-0.33181569846954395,-16152.18695808236
65,2024-12-20 17:00:00,97159.2,90000.0,1.4132953167996237e-05,18029.39312806651,0.5085122956579458,97,6282.099364191919,-0.3251065584855225,-16113.312639589654
66,2024-12-20 18:00:00,96941.0,90000.0,1.4219438586873066e-05,18058.337644995372,0.5085122956579458,97,6353.374745880748,-0.32819981025759826,-16131.998929842026
67,2024-12-20 19:00:00,97063.8,90000.0,1.4170805175595765e-05,18042.197602754164,0.5085122956579458,97,6313.178900444516,-0.326456648238004,-16121.62987857462
68,2024-12-20 20:00:00,96400.1,90000.0,1.4432366218472782e-05,18124.783915605556,0.5085122956579458,97,6532.988542948486,-0.33594878869731015,-16173.097754357246
69,2024-12-20 21:00:00,96572.2,90000.0,1.4364855613604659e-05,18104.47117058288,0.5085122956579458,97,6475.385155307988,-0.33347078446503087,-16160.836586227104
70,2024-12-20 22:00:00,97402.6,90000.0,1.4036112783463198e-05,17995.680629414495,0.5085122956579458,97,6203.386115818736,-0.32167837555463963,-16091.06353032725
71,2024-12-20 23:00:00,97757.3,90000.0,1.3894348098286235e-05,17943.902452520433,0.5085122956579458,97,6090.166783577428,-0.31672488671802146,-16056.02622125423
72,2024-12-21 00:00:00,97467.2,90000.0,1.4010348816947465e-05,17986.483199676546,0.5085122956579458,97,6182.634962315002,-0.3207724747088243,-16084.911999002848
73,2024-12-21 01:00:00,97296.7,90000.0,1.4146812252884965e-05,17911.610563046837,0.5085122956579458,96,6193.301070035188,-0.32291203530014134,-16186.861482838443
74,2024-12-21 02:00:00,97334.1,90000.0,1.4131787012607164e-05,17906.344905448514,0.5085122956579458,96,6181.234050410247,-0.32238322546593545,-16183.314995678047
75,2024-12-21 03:00:00,97440.1,90000.0,1.4089153958489314e-05,17891.229387471096,0.5085122956579458,96,6147.140741085896,-0.32088751497102286,-16173.072664193292
76,2024-12-21 04:00:00,97517.4,90000.0,1.4058020050161943e-05,17880.028748591674,0.5085122956579458,96,6122.378198572405,-0.3197996264600723,-16165.426352192064
77,2024-12-21 05:00:00,98633.6,90000.0,1.3604822066691484e-05,17702.005136230837,0.5085122956579458,96,5774.081542412896,-0.30436040515960405,-16038.755249739206
78,2024-12-21 06:00:00,98680.9,90000.0,1.3585486929638679e-05,17693.805114826824,0.5085122956579458,96,5759.700507006171,-0.3037173543156586,-16032.731512667073
79,2024-12-21 07:00:00,98983.7,90000.0,1.3461501339724672e-05,17640.085798637163,0.5085122956579458,96,5668.355810775945,-0.2996224314630477,-15992.942176110142
80,2024-12-21 08:00:00,98602.1,90000.0,1.361769340233788e-05,17707.437111845727,0.5085122956579458,96,5783.675646996533,-0.3047891597890977,-16042.737871438929
81,2024-12-21 09:00:00,98512.2,90000.0,1.3654404722715912e-05,17722.812153768067,0.5085122956579458,96,5811.131271090533,-0.306015040858274,-16053.976391953767
82,2024-12-21 10:00:00,98075.9,90000.0,1.3832050211566458e-05,17794.713009731797,0.5085122956579458,96,5945.950886991937,-0.31201124359680565,-16105.801522566335
83,2024-12-21 11:00:00,98207.7,90000.0,1.377848152297093e-05,17773.471634478414,0.5085122956579458,96,5904.947789987971,-0.3101917086078021,-16090.62459090969
84,2024-12-21 12:00:00,97090.9,90000.0,1.4229327497217935e-05,17939.95113857667,0.5085122956579458,96,6260.056534361211,-0.3258319448943646,-16205.744499447133
85,2024-12-21 13:00:00,97273.8,90000.0,1.4156007757142176e-05,17914.817274004956,0.5085122956579458,96,6200.699465812257,-0.3232361025957241,-16189.015611116822
86,2024-12-21 14:00:00,97042.6,90000.0,1.4248652093052299e-05,17946.44602602966,0.5085122956579458,96,6275.810822542757,-0.326519688165853,-16210.02041702243
87,2024-12-21 15:00:00,97464.8,90000.0,1.4079209587606065e-05,17887.666654165332,0.5085122956579458,96,6139.219116281005,-0.3205396356734863,-16170.645609677626
88,2024-12-21 16:00:00,97240.0,90000.0,1.4169573941659406e-05,17919.526064144764,0.5085122956579458,96,6211.6329348581785,-0.32371480494739524,-16192.170899799925
89,2024-12-21 17:00:00,97545.2,90000.0,1.40468142390417e-05,17875.964077510092,0.5085122956579458,96,6113.4931998137035,-0.3194089692526636,-16162.640061348378
90,2024-12-21 18:00:00,97358.6,90000.0,1.4121939434471821e-05,17902.876345419776,0.5085122956579458,96,6173.339901703846,-0.3220371173091717,-16180.972699035541
91,2024-12-21 19:00:00,97228.0,90000.0,1.4174388543730632e-05,17921.190857881567,0.5085122956579458,96,6215.518532842427,-0.3238848687232514,-16193.28418156927
92,2024-12-21 20:00:00,97407.2,90000.0,1.4102393832309126e-05,17895.951130948088,0.5085122956579458,96,6157.705567837795,-0.32135126595062946,-16176.28177871285
93,2024-12-21 21:00:00,96841.2,90000.0,1.4329055411039387e-05,17972.88162149956,0.5085122956579458,96,6341.861408404962,-0.3293974681338788,-16227.206472527363
94,2024-12-21 22:00:00,97092.0,90000.0,1.422888720666846e-05,17939.802526437135,0.5085122956579458,96,6259.698127830474,-0.32581629287627667,-16205.646425950728
95,2024-12-21 23:00:00,97249.7,90000.0,1.4165681449416309e-05,17918.17768673824,0.5085122956579458,96,6208.493567796759,-0.32357737895825167,-16191.268338322323
96,2024-12-22 00:00:00,97202.6,90000.0,1.4184576328982835e-05,17924.702614534872,0.5085122956579458,96,6223.749781977822,-0.3242450275861324,-16195.62861893858
97,2024-12-22 01:00:00,97000.0,90000.0,1.4336271069062256e-05,17853.027413456883,0.5085122956579458,95,6245.192143661145,-0.32688574244912827,-16301.652216628137
98,2024-12-22 02:00:00,96674.5,90000.0,1.4467164509693361e-05,17895.3208113071,0.5085122956579458,95,6352.355233415103,-0.33157352296512876,-16329.349225368222
99,2024-12-22 03:00:00,96939.3,90000.0,1.436073964765033e-05,17861.123227553395,0.5085122956579458,95,6265.0605341812625,-0.32775669685839603,-16307.027162364302
100,2024-12-22 04:00:00,96040.9,90000.0,1.4719541895185141e-05,17969.62175490075,0.5085122956579458,95,6565.36107352571,-0.3408200484865813,-16375.203283541192
101,2024-12-22 05:00:00,96116.0,90000.0,1.4689806149277801e-05,17961.37753693439,0.5085122956579458,95,6539.806969126235,-0.3397157271538708,-16370.332725135895
102,2024-12-22 06:00:00,96698.4,90000.0,1.4457580712833368e-05,17892.309468769992,0.5085122956579458,95,6344.434757198469,-0.33122787225093586,-16327.410100633104
103,2024-12-22 07:00:00,96171.9,90000.0,1.4667640304927925e-05,17955.14194771956,0.5085122956579458,95,6520.839799864465,-0.3388951863979831,-16366.60801041315
104,2024-12-22 08:00:00,96475.8,90000.0,1.4546668665558757e-05,17919.77379816416,0.5085122956579458,95,6418.525010154539,-0.33445605247632737,-16344.88541812355
105,2024-12-22 09:00:00,96882.1,90000.0,1.4383772923073144e-05,17868.664942574444,0.5085122956579458,95,6283.831722826231,-0.3285787900317738,-16312.004415957215
106,2024-12-22 10:00:00,96960.1,90000.0,1.4352358013940113e-05,17858.35977069751,0.5085122956579458,95,6258.246300797531,-0.327458080637295,-16305.196122298052
107,2024-12-22 11:00:00,97047.3,90000.0,1.4317185876942995e-05,17846.65289545064,0.5085122956579458,95,6229.746478126224,-0.3262080881298266,-16297.39753935182
108,2024-12-22 12:00:00,96935.8,90000.0,1.4362149710980128e-05,17861.587131749155,0.5085122956579458,95,6266.2077705827105,-0.3278069619147995,-16307.334163434722
109,2024-12-22 13:00:00,96939.1,90000.0,1.4360820225090045e-05,17861.149744908424,0.5085122956579458,95,6265.126085807875,-0.32775956901438297,-16307.044713873376
110,2024-12-22 14:00:00,95326.5,90000.0,1.4999763017841037e-05,18040.305700422177,0.5085122956579458,95,6812.623043337735,-0.35143607777479124,-16413.779866048724
111,2024-12-22 15:00:00,95320.9,90000.0,1.5001939636191674e-05,18040.80371471461,0.5085122956579458,95,6814.591320580948,-0.35152008254237466,-16414.026136337074
112,2024-12-22 16:00:00,95663.6,90000.0,1.486815190316183e-05,18008.711018901125,0.5085122956579458,95,6695.003713906597,-0.34640180867494874,-16397.33808482375
113,2024-12-22 17:00:00,95562.0,90000.0,1.4907938276246955e-05,18018.566883404314,0.5085122956579458,95,6730.274944856064,-0.3479144349127139,-16402.627278866512
114,2024-12-22 18:00:00,95912.6,90000.0,1.4770224762707025e-05,17983.35143625168,0.5085122956579458,95,6609.2095732764865,-0.34271181861643374,-16383.168542955127
115,2024-12-22 19:00:00,94771.1,90000.0,1.5213994999265318e-05,18085.36638603486,0.5085122956579458,95,7010.135180294907,-0.35982659454604105,-16433.873607011457
116,2024-12-22 20:00:00,95547.5,90000.0,1.4913608162720227e-05,18019.950103487296,0.5085122956579458,95,6735.321271558001,-0.34813064112691616,-16403.35873143776
117,2024-12-22 21:00:00,95165.6,90000.0,1.5062170904747034e-05,18054.262415137266,0.5085122956579458,95,6869.363540830731,-0.3538545640166496,-16420.503352134296
118,2024-12-22 22:00:00,95500.6,90000.0,1.493193298160913e-05,18024.384015387117,0.5085122956579458,95,6751.665007407602,-0.3488305191525347,-16405.68447094054
119,2024-12-22 23:00:00,95144.7,90000.0,1.50702571874177e-05,18056.02159496327,0.5085122956579458,95,6876.762391460899,-0.3541694478983697,-16421.322973077957
120,2024-12-23 00:00:00,94354.3,90000.0,1.537245283737574e-05,18113.34931928707,0.5085122956579458,95,7161.437012466675,-0.36620088232064185,-16443.126516555236
121,2024-12-23 01:00:00,94424.0,90000.0,1.5426778571377204e-05,18012.603188661466,0.5085122956579458,94,7090.774610958077,-0.365078493048808,-16536.436199854186
122,2024-12-23 02:00:00,94674.9,90000.0,1.533061107317034e-05,17995.57068587832,0.5085122956579458,94,6999.660974206781,-0.3612199624266409,-16530.5651434921
123,2024-12-23 03:00:00,95969.8,90000.0,1.4823044809198315e-05,17878.992761954338,0.5085122956579458,94,6544.62957740821,-0.34169505754653906,-16471.303781724982
124,2024-12-23 04:00:00,95791.6,90000.0,1.4893918590192433e-05,17897.825847184624,0.5085122956579458,94,6605.755366835714,-0.3443428434541128,-16482.28100325042
125,2024-12-23 05:00:00,95570.8,90000.0,1.4981308684267073e-05,17919.943787550077,0.5085122956579458,94,6682.15003665573,-0.3476410774062286,-16494.650050227632
126,2024-12-23 06:00:00,94774.9,90000.0,1.529207035544779e-05,17988.27029744857,0.5085122956579458,94,6963.615566834356,-0.3596888273673695,-16527.708777654454
127,2024-12-23 07:00:00,95353.8,90000.0,1.5066715041665805e-05,17940.354987406798,0.5085122956579458,94,6757.94154911091,-0.350901296770766,-16505.46460913797
128,2024-12-23 08:00:00,95444.9,90000.0,1.5030919382100548e-05,17931.947043823922,0.5085122956579458,94,6726.0369124085555,-0.3495303488642577,-16501.087313916087
129,2024-12-23 09:00:00,95967.7,90000.0,1.4823881763582718e-05,17879.21977679591,0.5085122956579458,94,6545.347169714485,-0.34172618681944755,-16471.438283820567
130,2024-12-23 10:00:00,96341.3,90000.0,1.467435531574867e-05,17836.94539271778,0.5085122956579458,94,6418.709331356935,-0.33621587732111957,-16445.597180864886
131,2024-12-23 11:00:00,95891.3,90000.0,1.4854302918207418e-05,17887.39660905419,0.5085122956579458,94,6571.49834319776,-0.3428598938228177,-16476.248356981618
132,2024-12-23 12:00:00,96259.5,90000.0,1.4707200012363925e-05,17846.52436811832,0.5085122956579458,94,6446.260921583176,-0.3374175833282974,-16451.582484995535
133,2024-12-23 13:00:00,94882.9,90000.0,1.5250314480897005e-05,17980.060432310613,0.5085122956579458,94,6924.858275725594,-0.3580395373647892,-16524.295423630923
134,2024-12-23 14:00:00,94349.9,90000.0,1.5455031455690375e-05,18017.280063633098,0.5085122956579458,94,7117.869305919012,-0.3662226645365657,-16537.813698554914
135,2024-12-23 15:00:00,93202.7,90000.0,1.5883031603320072e-05,18068.696994591366,0.5085122956579458,94,7548.264757885219,-0.38419992571832984,-16538.002331556912
136,2024-12-23 16:00:00,93926.3,90000.0,1.5615181889278526e-05,18040.8885813984,0.5085122956579458,94,7274.392635574346,-0.3728034187423418,-16542.53678942854
137,2024-12-23 17:00:00,93333.7,90000.0,1.583510420103906e-05,18064.849123479988,0.5085122956579458,94,7498.070715072783,-0.3821223850105143,-16540.016491591083
138,2024-12-23 18:00:00,92711.3,90000.0,1.606045489350306e-05,18078.385011623635,0.5085122956579458,94,7738.985449247863,-0.3920485956929688,-16525.679474542754
139,2024-12-23 19:00:00,93000.2,90000.0,1.595660417260759e-05,18073.600755376385,0.5085122956579458,94,7626.391398524953,-0.3874236994870842,-16533.83954058412
140,2024-12-23 20:00:00,93157.8,90000.0,1.5899399018028367e-05,18069.893954240822,0.5085122956579458,94,7565.531350227291,-0.3849134414005069,-16537.189488354295
141,2024-12-23 21:00:00,93918.1,90000.0,1.5618258578447468e-05,18041.292700031045,0.5085122956579458,94,7277.450148624921,-0.3729314758488831,-16542.574941966268
142,2024-12-23 22:00:00,95154.7,90000.0,1.5144640046135398e-05,17957.91418827577,0.5085122956579458,94,6828.105141230117,-0.3539088442401098,-16514.205860033748
143,2024-12-23 23:00:00,94837.0,90000.0,1.52680773019335e-05,17983.590819768495,0.5085122956579458,94,6941.308361487449,-0.35873993454944275,-16525.787684372477
144,2024-12-24 00:00:00,94506.2,90000.0,1.5395357100335563e-05,18007.22605377242,0.5085122956579458,94,7060.817241605357,-0.36381170269854635,-16534.71753315622
145,2024-12-24 01:00:00,94087.0,90000.0,1.5637719605473784e-05,17935.94264476624,0.5085122956579458,93,7169.233849665659,-0.3702706189324585,-16637.838001159675
146,2024-12-24 02:00:00,93904.6,90000.0,1.5706917786418335e-05,17945.528267326074,0.5085122956579458,93,7237.031726480593,-0.37312925679244047,-16639.34237678264
147,2024-12-24 03:00:00,94309.2,90000.0,1.5552816638671125e-05,17922.917931837826,0.5085122956579458,93,7087.345060150998,-0.36680533823552375,-16634.633484284208
148,2024-12-24 04:00:00,94382.2,90000.0,1.552478182873639e-05,17918.31804374117,0.5085122956579458,93,7060.609686055483,-0.36567100547216747,-16633.253897789073
149,2024-12-24 05:00:00,94557.5,90000.0,1.5457181741194303e-05,17906.62829561246,0.5085122956579458,93,6996.745752040268,-0.36295543068041036,-16629.285042830226
150,2024-12-24 06:00:00,93873.9,90000.0,1.5718519509759363e-05,17947.042990592614,0.5085122956579458,93,7248.494198293512,-0.3736116372885482,-16639.4951892246
151,2024-12-24 07:00:00,94189.9,90000.0,1.559848276550985e-05,17930.09421598585,0.5085122956579458,93,7131.215723090791,-0.3686635151048522,-16636.540636784266
152,2024-12-24 08:00:00,94444.6,90000.0,1.5500763491272158e-05,17914.260930526572,0.5085122956579458,93,7037.822024622379,-0.36470300819929147,-16631.947114303563
153,2024-12-24 09:00:00,94020.0,90000.0,1.5663190704076858e-05,17939.580031100362,0.5085122956579458,93,7194.077099063812,-0.37131919976808736,-16638.50902116928
154,2024-12-24 10:00:00,93932.0,90000.0,1.5696552083501663e-05,17944.152309671845,0.5085122956579458,93,7226.813879610563,-0.3726990292314374,-16639.181513697993
155,2024-12-24 11:00:00,94356.3,90000.0,1.5534736310013673e-05,17919.968151893572,0.5085122956579458,93,7070.085773299812,-0.36607322625071603,-16633.76180113594
156,2024-12-24 12:00:00,94272.2,90000.0,1.556699963318919e-05,17925.18894441084,0.5085122956579458,93,7100.927506805805,-0.3673810548916564,-16635.271156533163
157,2024-12-24 13:00:00,96040.1,90000.0,1.4871266565708106e-05,17772.343889771815,0.5085122956579458,93,6475.403831746924,-0.34046999267162614,-16559.566213078848
158,2024-12-24 14:00:00,97417.6,90000.0,1.4308273465658544e-05,17593.555953649287,0.5085122956579458,93,6020.338742744556,-0.3203708437429025,-16439.478405922837
159,2024-12-24 15:00:00,98255.2,90000.0,1.3959434307703451e-05,17461.053775976645,0.5085122956579458,93,5756.974610916237,-0.3085320396951228,-16342.003568315338
160,2024-12-24 16:00:00,98423.7,90000.0,1.3888790117112973e-05,17432.32572375121,0.5085122956579458,93,5705.184797977869,-0.3061858248073659,-16320.257976985586
161,2024-12-24 17:00:00,98735.2,90000.0,1.3757838945272397e-05,17377.43945862854,0.5085122956579458,93,5610.479627868379,-0.3018798508945052,-16278.222069230527
162,2024-12-24 18:00:00,98560.0,90000.0,1.3831545445165085e-05,17408.591729547716,0.5085122956579458,93,5663.580503697245,-0.3042966829480944,-16302.156081597335
163,2024-12-24 19:00:00,97540.0,90000.0,1.4257562411566345e-05,17575.282984656686,0.5085122956579458,93,5981.232406467781,-0.3186226135868855,-16426.356506565215
164,2024-12-24 20:00:00,97285.3,90000.0,1.4362973807824857e-05,17612.879183141245,0.5085122956579458,93,6062.8491859608475,-0.3222674480596761,-16453.221693029558
165,2024-12-24 21:00:00,98360.7,90000.0,1.3915219540942959e-05,17443.146438645268,0.5085122956579458,93,5724.502084730964,-0.3070616512131157,-16328.470593709044
166,2024-12-24 22:00:00,98734.7,90000.0,1.3758049485710319e-05,17377.529388229617,0.5085122956579458,93,5610.630569513567,-0.301886729866613,-16278.2914329642
167,2024-12-24 23:00:00,98628.3,90000.0,1.3802827868188949e-05,17396.533175367695,0.5085122956579458,93,5642.829279247628,-0.30335296897958486,-16292.914346720947
168,2024-12-25 00:00:00,98394.5,90000.0,1.3901042348909755e-05,17437.352833393008,0.5085122956579458,93,5714.131346872513,-0.30659155637141555,-16324.076634188907
169,2024-12-25 01:00:00,97965.0,90000.0,1.4150581939735766e-05,17406.546215028833,0.5085122956579458,92,5802.10785852882,-0.31226855417639154,-16466.763645737425
170,2024-12-25 02:00:00,98100.6,90000.0,1.4093393279999e-05,17384.224418280024,0.5085122956579458,92,5759.8941633262875,-0.3103536114829749,-16449.87871186884
171,2024-12-25 03:00:00,98000.1,90000.0,1.4135788677980692e-05,17400.811530263218,0.5085122956579458,92,5791.1559460692515,-0.31177212835136014,-16462.438108358157
172,2024-12-25 04:00:00,98206.2,90000.0,1.4048786415797617e-05,17366.529756316595,0.5085122956579458,92,5727.1993193283415,-0.308867703862732,-16436.40491658213
173,2024-12-25 05:00:00,98247.2,90000.0,1.4031451334287763e-05,17359.58664214517,0.5085122956579458,92,5714.547546618865,-0.3082920589584769,-16431.09747472732
174,2024-12-25 06:00:00,97862.8,90000.0,1.4193614391215833e-05,17423.070680477675,0.5085122956579458,92,5834.095679985621,-0.3137169431310647,-16479.177908538604
175,2024-12-25 07:00:00,97966.6,90000.0,1.4149907757157011e-05,17406.285464708097,0.5085122956579458,92,5801.6082469545945,-0.31224591378463196,-16466.567157642603
176,2024-12-25 08:00:00,98047.2,90000.0,1.4115926854064448e-05,17393.06869031893,0.5085122956579458,92,5776.48715096894,-0.3111068004012544,-16456.584181428196
177,2024-12-25 09:00:00,98152.3,90000.0,1.4071562061539219e-05,17375.59533190811,0.5085122956579458,92,5743.8677069338155,-0.3096255473243572,-16443.31753264139
178,2024-12-25 10:00:00,98417.7,90000.0,1.3959269501157854e-05,17330.2782709483,0.5085122956579458,92,5662.187349921311,-0.3059058479026139,-16408.57238919562
179,2024-12-25 11:00:00,97890.0,90000.0,1.418216752997871e-05,17418.698003726313,0.5085122956579458,92,5825.567828222949,-0.31333103248697514,-16475.900188762284
180,2024-12-25 12:00:00,98143.8,90000.0,1.4075152336527414e-05,17377.01851680059,0.5085122956579458,92,5746.500032464493,-0.3097451708608273,-16444.400922599587
181,2024-12-25 13:00:00,98434.1,90000.0,1.3952318783357511e-05,17327.422357472315,0.5085122956579458,92,5657.172370946704,-0.30567697287687035,-16406.367350135315
182,2024-12-25 14:00:00,98691.0,90000.0,1.3843271044929085e-05,17281.850454571577,0.5085122956579458,92,5579.103167831607,-0.3021066227536847,-16370.954505481159
183,2024-12-25 15:00:00,98494.6,90000.0,1.3926666055514018e-05,17316.83125076604,0.5085122956579458,92,5638.704432928556,-0.3048336334958939,-16398.17491030664
184,2024-12-25 16:00:00,98400.3,90000.0,1.3966642590362655e-05,17333.301286162638,0.5085122956579458,92,5667.5122252010915,-0.30614880333998573,-16410.904536262737
185,2024-12-25 17:00:00,98544.6,90000.0,1.3905452174719502e-05,17308.012457549496,0.5085122956579458,92,5623.480150748423,-0.3041378304906026,-16391.335603893545
186,2024-12-25 18:00:00,98730.1,90000.0,1.382664756489138e-05,17274.777731676717,0.5085122956579458,92,5567.301376512274,-0.30156567582288196,-16365.421927049907
187,2024-12-25 19:00:00,99001.3,90000.0,1.3711167663268312e-05,17224.73930934159,0.5085122956579458,92,5486.02382167762,-0.2978315412008712,-16326.021801414807
188,2024-12-25 20:00:00,99126.2,90000.0,1.3657885327164205e-05,17201.122908243437,0.5085122956579458,92,5448.931470862299,-0.2961223432263347,-16307.278728155641
189,2024-12-25 21:00:00,98476.1,90000.0,1.3934512161641826e-05,17320.079122911222,0.5085122956579458,92,5644.346238796541,-0.3050913493969445,-16400.689710950588
190,2024-12-25 22:00:00,98781.2,90000.0,1.3804912176969157e-05,17265.48032383222,0.5085122956579458,92,5551.909413159883,-0.30085968942330554,-16358.134923317131
191,2024-12-25 23:00:00,99405.2,90000.0,1.3538661551369744e-05,17147.08733429446,0.5085122956579458,92,5366.843362950822,-0.2923284187117863,-16264.069401477525
192,2024-12-26 00:00:00,98997.6,90000.0,1.3712745172458844e-05,17225.43345210607,0.5085122956579458,92,5487.125892236625,-0.2978822754396335,-16326.571326713385
193,2024-12-26 01:00:00,99018.6,90000.0,1.3770142436999087e-05,17116.77658953663,0.5085122956579458,91,5436.033138671817,-0.29718138021558227,-16410.13187279848
194,2024-12-26 02:00:00,98692.7,90000.0,1.391029727443459e-05,17177.361616661503,0.5085122956579458,91,5533.618302458737,-0.30169192013849744,-16458.54087778301
195,2024-12-26 03:00:00,98950.9,90000.0,1.379929382565796e-05,17129.56544999281,0.5085122956579458,91,5456.183896662202,-0.2981146057370716,-16420.40293824116
196,2024-12-26 04:00:00,98250.3,90000.0,1.4099767943420221e-05,17255.586361830286,0.5085122956579458,91,5668.454242370135,-0.3078877823307754,-16520.01254644562
197,2024-12-26 05:00:00,98327.0,90000.0,1.4066989706540001e-05,17242.361004636867,0.5085122956579458,91,5644.880691026483,-0.3068075869757432,-16509.710208804223
198,2024-12-26 06:00:00,98077.4,90000.0,1.4173540727796831e-05,17284.874514720854,0.5085122956579458,91,5721.89915982823,-0.3103320122477413,-16542.68310490546
199,2024-12-26 07:00:00,97675.3,90000.0,1.4344433173364876e-05,17350.13608507315,0.5085122956579458,91,5847.834093937898,-0.3160655838295947,-16592.40270650012
200,2024-12-26 08:00:00,95816.1,90000.0,1.5118966342367345e-05,17597.422700610845,0.5085122956579458,91,6460.705181498721,-0.3434592186677814,-16765.090403971917
201,2024-12-26 09:00:00,95390.2,90000.0,1.5291887028574487e-05,17640.812581529422,0.5085122956579458,91,6608.360925858942,-0.34993527888643783,-16790.7663379538
202,2024-12-26 10:00:00,95459.7,90000.0,1.5263803171868466e-05,17634.082725549702,0.5085122956579458,91,6584.077333197114,-0.34887346834137656,-16786.942801755984
203,2024-12-26 11:00:00,95659.0,90000.0,1.5182976320032042e-05,17614.023608259035,0.5085122956579458,91,6514.849459458579,-0.345839439633029,-16775.18402685543
204,2024-12-26 12:00:00,95633.6,90000.0,1.5193301142402461e-05,17616.642508068035,0.5085122956579458,91,6523.638680060147,-0.34622521837130904,-16776.747880379848
205,2024-12-26 13:00:00,95656.7,90000.0,1.5183911526902458e-05,17614.261501368324,0.5085122956579458,91,6515.644930329538,-0.3458743615540639,-16775.32641800013
206,2024-12-26 14:00:00,95410.0,90000.0,1.5283891628166034e-05,17638.909324030996,0.5085122956579458,91,6601.435204330337,-0.34963257867051933,-16789.69168944614
207,2024-12-26 15:00:00,95983.3,90000.0,1.5050563199868303e-05,17578.99702944946,0.5085122956579458,91,6403.489813456908,-0.34093704207143305,-16753.555836116593
208,2024-12-26 16:00:00,96463.4,90000.0,1.485264498998525e-05,17521.808011574783,0.5085122956579458,91,6241.532904592401,-0.33375869028396776,-16715.955048762527
209,2024-12-26 17:00:00,95760.0,90000.0,1.514185363368651e-05,17603.430297231313,0.5085122956579458,91,6479.997046956443,-0.3443080348199349,-16768.77786969577
210,2024-12-26 18:00:00,95683.4,90000.0,1.5173051548606247e-05,17611.490700525042,0.5085122956579458,91,6506.415495815294,-0.34546909608023624,-16773.663856746898
211,2024-12-26 19:00:00,96050.1,90000.0,1.5023156717644494e-05,17571.41867258622,0.5085122956579458,91,6380.748778284877,-0.339932579581957,-16748.72064161663
212,2024-12-26 20:00:00,95546.8,90000.0,1.5228532315315588e-05,17625.454653184133,0.5085122956579458,91,6553.748308268798,-0.34754552652891524,-16781.948415044797
213,2024-12-26 21:00:00,95778.4,90000.0,1.5134350509930241e-05,17601.469599031378,0.5085122956579458,91,6473.664341905431,-0.3440294937364361,-16767.5785828689
214,2024-12-26 22:00:00,95785.2,90000.0,1.5131576729760345e-05,17600.7425937891,0.5085122956579458,91,6471.325291232832,-0.3439265895835504,-16767.132859739082
215,2024-12-26 23:00:00,95743.2,90000.0,1.514870124336481e-05,17605.21221380086,0.5085122956579458,91,6485.7835590819595,-0.3445624754850105,-16769.864208364877
216,2024-12-27 00:00:00,95744.0,90000.0,1.5148375233289229e-05,17605.12754008901,0.5085122956579458,91,6485.507913949114,-0.34455035665441935,-16769.812665551395
217,2024-12-27 01:00:00,95880.1,90000.0,1.5173235957819088e-05,17489.85752458495,0.5085122956579458,90,6392.701574566221,-0.34230170244954816,-16858.28672117279
218,2024-12-27 02:00:00,96025.8,90000.0,1.5112979475147372e-05,17473.385722323397,0.5085122956579458,90,6342.989055962418,-0.3400953490285722,-16847.653003763342
219,2024-12-27 03:00:00,96380.0,90000.0,1.49656195727178e-05,17430.89346766495,0.5085122956579458,90,6223.472227814826,-0.3347683933937704,-16819.211129413245
220,2024-12-27 04:00:00,96249.1,90000.0,1.502021925283948e-05,17446.99875612489,0.5085122956579458,90,6267.421783074926,-0.336730968304394,-16830.14736328559
221,2024-12-27 05:00:00,96209.1,90000.0,1.5036871215531212e-05,17451.826537633024,0.5085122956579458,90,6280.903042424034,-0.33733211016493947,-16833.3901097238
222,2024-12-27 06:00:00,96550.1,90000.0,1.4894432472106956e-05,17409.26832875159,0.5085122956579458,90,6166.744288821312,-0.3322287922375555,-16804.261846300702
223,2024-12-27 07:00:00,95059.6,90000.0,1.5508268274889338e-05,17571.400339766016,0.5085122956579458,90,6678.705389375435,-0.3548893075020252,-16906.318050496247
224,2024-12-27 08:00:00,95686.7,90000.0,1.5252879013015214e-05,17510.803842599504,0.5085122956579458,90,6459.186987444467,-0.3452439141330377,-16871.43107187763
225,2024-12-27 09:00:00,96732.9,90000.0,1.4817643146544148e-05,17385.158347664732,0.5085122956579458,90,6106.2612933295895,-0.32951310408597445,-16787.274279801746
226,2024-12-27 10:00:00,96542.4,90000.0,1.4897660585302818e-05,17410.264173470867,0.5085122956579458,90,6169.302892098902,-0.3323434917961662,-16804.95649714879
227,2024-12-27 11:00:00,96900.0,90000.0,1.4747199234704643e-05,17362.337944517632,0.5085122956579458,90,6051.406198234967,-0.32704295825550633,-16770.917540219958
228,2024-12-27 12:00:00,96649.1,90000.0,1.4852881414875048e-05,17396.32231460272,0.5085122956579458,90,6133.926560717766,-0.3307562994877624,-16795.179829981145
229,2024-12-27 13:00:00,96388.3,90000.0,1.4962152153184986e-05,17429.856504942894,0.5085122956579458,90,6220.694165600595,-0.3346441931406663,-16818.500993446178
230,2024-12-27 14:00:00,95639.9,90000.0,1.5272091536166775e-05,17515.71413116811,0.5085122956579458,90,6475.361113374267,-0.3459581985363397,-16874.444391615933
231,2024-12-27 15:00:00,94529.2,90000.0,1.5720562330737126e-05,17613.722314732837,0.5085122956579458,90,6869.130099234346,-0.3631713521730814,-16926.405757793495
232,2024-12-27 16:00:00,94110.3,90000.0,1.588558492330433e-05,17641.2205593432,0.5085122956579458,90,7022.646722897494,-0.3697913446365768,-16936.02876224804
233,2024-12-27 17:00:00,94229.9,90000.0,1.5838718750237028e-05,17633.909637817796,0.5085122956579458,90,6978.533181444218,-0.36789422925081394,-16933.849650699667
234,2024-12-27 18:00:00,94498.7,90000.0,1.573265887626435e-05,17615.902492260564,0.5085122956579458,90,6880.214139378135,-0.3636510138282022,-16927.293806202302
235,2024-12-27 19:00:00,94699.9,90000.0,1.5652633450004207e-05,17601.00877350127,0.5085122956579458,90,6807.3654567185,-0.36049364444945753,-16920.896688996814
236,2024-12-27 20:00:00,94550.8,90000.0,1.571198806543715e-05,17612.161516301945,0.5085122956579458,90,6861.289264653591,-0.36283188061758853,-16925.759149811962
237,2024-12-27 21:00:00,94491.0,90000.0,1.573571078296989e-05,17616.448501736737,0.5085122956579458,90,6883.01471860944,-0.3637721670519021,-16927.513373166432
238,2024-12-27 22:00:00,94374.7,90000.0,1.5781708762043078e-05,17624.47935053683,0.5085122956579458,90,6925.427943606584,-0.36560490678130486,-16930.602258844192
239,2024-12-27 23:00:00,94251.0,90000.0,1.5830429552027184e-05,17632.574861991467,0.5085122956579458,90,6970.774138370063,-0.3675601197252283,-16933.417895647955
240,2024-12-28 00:00:00,94349.9,90000.0,1.579149353719951e-05,17626.139329602043,0.5085122956579458,90,6934.499799489044,-0.3659964145073109,-16931.205639076074
241,2024-12-28 01:00:00,94485.9,90000.0,1.5824727219452025e-05,17517.36751514423,0.5085122956579458,89,6838.353610489663,-0.36377260223371066,-17029.69569684112
242,2024-12-28 02:00:00,94269.5,90000.0,1.5910929669143905e-05,17532.205961637665,0.5085122956579458,89,6917.445203447889,-0.3672064121596669,-17035.446035110093
243,2024-12-28 03:00:00,94537.0,90000.0,1.5804276598099703e-05,17513.657626197844,0.5085122956579458,89,6819.785482462263,-0.36296448103364687,-17028.118563557648
244,2024-12-28 04:00:00,94467.4,90000.0,1.5832122211462227e-05,17518.69127929477,0.5085122956579458,89,6845.086112059333,-0.3640654280982275,-17030.24607703197
245,2024-12-28 05:00:00,94580.0,90000.0,1.5787040017612413e-05,17510.47510806409,0.5085122956579458,89,6804.1926155217225,-0.36228526763625957,-17026.72679960946
246,2024-12-28 06:00:00,94412.5,90000.0,1.585403944549659e-05,17522.558980464357,0.5085122956579458,89,6865.097174164315,-0.36493521342718194,-17031.81479351816
247,2024-12-28 07:00:00,94325.0,90000.0,1.5888884212556893e-05,17528.535342214378,0.5085122956579458,89,6897.089741081611,-0.36632396712181725,-17034.11491254991
248,2024-12-28 08:00:00,94436.5,90000.0,1.584446329081745e-05,17520.879353614626,0.5085122956579458,89,6856.343294086284,-0.3645548313783076,-17031.14090785433
249,2024-12-28 09:00:00,94530.0,90000.0,1.580708016805322e-05,17514.170464078186,0.5085122956579458,89,6822.326621057175,-0.3630751207827192,-17028.339543138554
250,2024-12-28 10:00:00,94580.0,90000.0,1.5787040017612413e-05,17510.47510806409,0.5085122956579458,89,6804.1926155217225,-0.36228526763625957,-17026.72679960946
251,2024-12-28 11:00:00,94712.9,90000.0,1.5733609333048794e-05,17500.289451344277,0.5085122956579458,89,6756.184164928141,-0.3601907178657451,-17022.05309845792
252,2024-12-28 12:00:00,94554.8,90000.0,1.5797144507746608e-05,17512.34693308236,0.5085122956579458,89,6813.327218036793,-0.36268322837939637,-17027.549595363133
253,2024-12-28 13:00:00,94621.3,90000.0,1.5770461283219195e-05,17507.366293356175,0.5085122956579458,89,6789.243693155106,-0.36163360515510434,-17025.334557705217
254,2024-12-28 14:00:00,94535.8,90000.0,1.5804757257639972e-05,17513.74564566202,0.5085122956579458,89,6820.221051218701,-0.3629834464539624,-17028.156556934882
255,2024-12-28 15:00:00,94389.8,90000.0,1.586308949792127e-05,17524.131639963736,0.5085122956579458,89,6873.385289000478,-0.36529520285431416,-17032.435159550838
256,2024-12-28 16:00:00,94830.4,90000.0,1.5686174999197193e-05,17490.84621548409,0.5085122956579458,89,6713.970257606648,-0.35834480376431543,-17017.45450565284
257,2024-12-28 17:00:00,94985.5,90000.0,1.56232880974612e-05,17477.755852047303,0.5085122956579458,89,6658.579400108138,-0.35591675092437525,-17010.71795566518
258,2024-12-28 18:00:00,94795.7,90000.0,1.570020206896215e-05,17493.677600909883,0.5085122956579458,89,6726.41426889626,-0.35888935745174877,-17018.85796900911
259,2024-12-28 19:00:00,94984.8,90000.0,1.5623572607689433e-05,17477.816523349244,0.5085122956579458,89,6658.828545661527,-0.3559276873256224,-17010.75005593764
260,2024-12-28 20:00:00,95041.2,90000.0,1.5600629470662474e-05,17472.88204010146,0.5085122956579458,89,6638.779060917892,-0.3550471646394274,-17008.114526047615
261,2024-12-28 21:00:00,95116.8,90000.0,1.55698136971865e-05,17466.12156586557,0.5085122956579458,89,6611.982047540965,-0.3538689214413814,-17004.42592205811
262,2024-12-28 22:00:00,95277.3,90000.0,1.550415935205014e-05,17451.21652436779,0.5085122956579458,89,6555.386345253108,-0.3513752309270035,-16996.005655577967
263,2024-12-28 23:00:00,95255.8,90000.0,1.5512972219843663e-05,17453.256567752866,0.5085122956579458,89,6562.944496795928,-0.3517086651013106,-16997.179928334
264,2024-12-29 00:00:00,95114.3,90000.0,1.5570833867425506e-05,17466.34779776807,0.5085122956579458,89,6612.866768501306,-0.3539078472508531,-17004.55074868837
265,2024-12-29 01:00:00,94813.6,90000.0,1.5780141593203638e-05,17391.756063356745,0.5085122956579458,88,6673.226843629207,-0.358494749383783,-17121.185688146667
266,2024-12-29 02:00:00,95111.3,90000.0,1.5658084938313427e-05,17365.774058989417,0.5085122956579458,88,6567.200417910935,-0.3538151408959662,-17107.117037517797
267,2024-12-29 03:00:00,95124.6,90000.0,1.565260543864659e-05,17364.552325212913,0.5085122956579458,88,6562.496061254817,-0.3536069248024929,-17106.422767845947
268,2024-12-29 04:00:00,95088.5,90000.0,1.5667473178954485e-05,17367.856381529054,0.5085122956579458,88,6575.271473786328,-0.35417225227097204,-17108.294186294173
269,2024-12-29 05:00:00,95074.2,90000.0,1.567335806352986e-05,17369.1546080673,0.5085122956579458,88,6580.337739115188,-0.35439633921744296,-17109.024082055294
270,2024-12-29 06:00:00,95129.8,90000.0,1.5650462473141337e-05,17364.073244126113,0.5085122956579458,88,6560.657516859414,-0.35352553682577526,-17106.149802352054
271,2024-12-29 07:00:00,95217.6,90000.0,1.5614228334711314e-05,17355.864607598392,0.5085122956579458,88,6529.678251658654,-0.3521530161970394,-17101.411931396095
272,2024-12-29 08:00:00,95075.7,90000.0,1.5672740889597514e-05,17369.018712597786,0.5085122956579458,88,6579.806162238674,-0.35437282964322436,-17108.94782385782
273,2024-12-29 09:00:00,95133.0,90000.0,1.5649143556393043e-05,17363.778030948564,0.5085122956579458,88,6559.526315269701,-0.35347545745609366,-17105.98139853282
274,2024-12-29 10:00:00,95118.6,90000.0,1.565507766891141e-05,17365.10412573492,0.5085122956579458,88,6564.617984565353,-0.3537008478520419,-17106.736665164688
275,2024-12-29 11:00:00,94975.1,90000.0,1.5714069077164933e-05,17377.98600323247,0.5085122956579458,88,6615.535445554706,-0.3559515872704895,-17113.903934268707
276,2024-12-29 12:00:00,94859.6,90000.0,1.576135707455457e-05,17387.912750140007,0.5085122956579458,88,6656.752773925153,-0.35776929480697983,-17119.196576334594
277,2024-12-29 13:00:00,94888.4,90000.0,1.574958210882103e-05,17385.474503875335,0.5085122956579458,88,6646.455553157328,-0.3573155372565475,-17117.916731801615
278,2024-12-29 14:00:00,94577.9,90000.0,1.5875945262402965e-05,17410.45786779445,0.5085122956579458,88,6758.163273716287,-0.3622254340400284,-17130.309947405658
279,2024-12-29 15:00:00,94465.8,90000.0,1.5921241581839083e-05,17418.76708404639,0.5085122956579458,88,6798.868591651553,-0.36400766800595896,-17134.01892341988
280,2024-12-29 16:00:00,93841.2,90000.0,1.617027710595938e-05,17458.05405920378,0.5085122956579458,88,7029.349706164343,-0.37403015167570053,-17147.14106975874
281,2024-12-29 17:00:00,93877.5,90000.0,1.6155965263102494e-05,17456.099476285883,0.5085122956579458,88,7015.783062222763,-0.3734434303144756,-17146.73187414298
282,2024-12-29 18:00:00,93592.2,90000.0,1.6267886935112223e-05,17470.35474014776,0.5085122956579458,88,7122.985511811785,-0.3780687236362037,-17148.758751347385
283,2024-12-29 19:00:00,93550.7,90000.0,1.6284058187594115e-05,17472.216189263403,0.5085122956579458,88,7138.689377170682,-0.37874417659472526,-17148.8257146458
284,2024-12-29 20:00:00,93792.7,90000.0,1.6189366774133712e-05,17460.601653684796,0.5085122956579458,88,7047.509194275321,-0.3748148731892025,-17147.619119830946
285,2024-12-29 21:00:00,93291.4,90000.0,1.638445361818413e-05,17482.617282961364,0.5085122956579458,88,7237.446311800159,-0.38297967341118033,-17147.92403377274
286,2024-12-29 22:00:00,93089.6,90000.0,1.6461796502890106e-05,17489.235399385543,0.5085122956579458,88,7315.065750047783,-0.386293871879794,-17145.63785463411
287,2024-12-29 23:00:00,93699.0,90000.0,1.6226141879884906e-05,17465.31597434433,0.5085122956579458,88,7082.700470567288,-0.3763335408590681,-17148.31970949123
288,2024-12-30 00:00:00,93527.8,90000.0,1.629296953819704e-05,17473.220173884354,0.5085122956579458,88,7147.366889355224,-0.37911718357860147,-17148.83777813272
289,2024-12-30 01:00:00,93886.3,90000.0,1.6244565139562205e-05,17355.630075659912,0.5085122956579458,87,6965.374912338564,-0.37326573863224066,-17253.071669425004
290,2024-12-30 02:00:00,93866.7,90000.0,1.6252368449556736e-05,17356.717945361812,0.5085122956579458,87,6972.694041571536,-0.37358420859140185,-17253.335202116876
291,2024-12-30 03:00:00,93667.3,90000.0,1.6331403802743728e-05,17367.102485507545,0.5085122956579458,87,7047.510357586099,-0.37683282138366503,-17255.274089572056
292,2024-12-30 04:00:00,93226.8,90000.0,1.650365640401703e-05,17385.595649930478,0.5085122956579458,87,7215.095287519318,-0.38406486451902666,-17254.726564984092
293,2024-12-30 05:00:00,93539.8,90000.0,1.63815989938061e-05,17373.087669928333,0.5085122956579458,87,7095.689422184412,-0.37891827818031043,-17255.802343908996
294,2024-12-30 06:00:00,93854.8,90000.0,1.6257103186729855e-05,17357.372591206316,0.5085122956579458,87,6977.140844514492,-0.37377763994987856,-17253.488848938807
295,2024-12-30 07:00:00,93680.0,90000.0,1.6326389241024807e-05,17366.478266725164,0.5085122956579458,87,7042.725897665805,-0.37662544439503265,-17255.1910039168
296,2024-12-30 08:00:00,93804.4,90000.0,1.627713106496494e-05,17360.09618009923,0.5085122956579458,87,6995.999893872882,-0.37459750282409887,-17254.086297765985
297,2024-12-30 09:00:00,93833.4,90000.0,1.6265612062242002e-05,17358.53873065154,0.5085122956579458,87,6985.143409210505,-0.3741256330161089,-17253.753064972916
298,2024-12-30 10:00:00,93750.0,90000.0,1.6298702556581452e-05,17362.946761367253,0.5085122956579458,87,7016.402093617347,-0.3754835657155051,-17254.63425751598
299,2024-12-30 11:00:00,93876.2,90000.0,1.6248586996633468e-05,17356.192157646587,0.5085122956579458,87,6969.145724921182,-0.37342982905189426,-17253.209095707298
300,2024-12-30 12:00:00,93707.2,90000.0,1.631564049254184e-05,17365.12430044665,0.5085122956579458,87,7032.487723711165,-0.37618151276318956,-17254.994525406204
301,2024-12-30 13:00:00,92614.7,90000.0,1.6737303964677524e-05,17400.959595546712,0.5085122956579458,87,7453.287770982555,-0.394238611262997,-17242.755044190308
302,2024-12-30 14:00:00,91825.3,90000.0,1.7027948701694028e-05,17402.630196245427,0.5085122956579458,87,7769.745187437686,-0.40756658400407086,-17207.66436879903
303,2024-12-30 15:00:00,92077.1,90000.0,1.6936614674114947e-05,17404.346411583956,0.5085122956579458,87,7667.658773502713,-0.4032904176754628,-17221.291011699563
304,2024-12-30 16:00:00,92064.5,90000.0,1.694121634080385e-05,17404.310906828432,0.5085122956579458,87,7672.741577315697,-0.4035038480142873,-17220.663617475082
305,2024-12-30 17:00:00,93779.9,90000.0,1.628685208782998e-05,17361.39145863853,0.5085122956579458,87,7005.182418838784,-0.374996411637488,-17254.345544783584
306,2024-12-30 18:00:00,94556.3,90000.0,1.5974272956058214e-05,17311.30816320189,0.5085122956579458,87,6718.912864628379,-0.3624720504902289,-17236.302739322644
307,2024-12-30 19:00:00,94387.1,90000.0,1.6043163929826035e-05,17323.79968747854,0.5085122956579458,87,6780.472125627872,-0.3651807314784026,-17241.950727548752
308,2024-12-30 20:00:00,94306.3,90000.0,1.607591503535684e-05,17329.45725283025,0.5085122956579458,87,6810.031134415083,-0.3664783429167856,-17244.312930955908
309,2024-12-30 21:00:00,92029.8,90000.0,1.695387226675578e-05,17404.18575451821,0.5085122956579458,87,7686.75336275743,-0.4040919278734989,-17218.906184439056
310,2024-12-30 22:00:00,92745.3,90000.0,1.668803396713112e-05,17398.70170763329,0.5085122956579458,87,7401.942807261614,-0.39205593317254406,-17246.415255800006
311,2024-12-30 23:00:00,92739.3,90000.0,1.669030459583988e-05,17398.81763961631,0.5085122956579458,87,7404.295443258903,-0.39215606818857174,-17246.26031868707
312,2024-12-31 00:00:00,92399.0,90000.0,1.681796063658565e-05,17403.464847569066,0.5085122956579458,87,7538.715030631181,-0.39785756280250406,-17235.38408879121
313,2024-12-31 01:00:00,92390.2,90000.0,1.6919924946346086e-05,17304.42974516632,0.5085122956579458,86,7494.847186238578,-0.39810953204542443,-17345.10202084146
314,2024-12-31 02:00:00,92413.0,90000.0,1.6911375717431398e-05,17304.223727430304,0.5085122956579458,86,7485.774685994358,-0.39772385519795717,-17345.94881968356
315,2024-12-31 03:00:00,92467.1,90000.0,1.689104825782484e-05,17303.665955773555,0.5085122956579458,86,7464.282563711313,-0.39680949936492993,-17347.88261530975
316,2024-12-31 04:00:00,92418.4,90000.0,1.6909349367129787e-05,17304.17240924743,0.5085122956579458,86,7483.627223734307,-0.397632539239965,-17346.14661254419
317,2024-12-31 05:00:00,92552.9,90000.0,1.685869018198186e-05,17302.582843876517,0.5085122956579458,86,7430.2984419175045,-0.3953616345406087,-17350.732076654283
318,2024-12-31 06:00:00,92777.2,90000.0,1.6773416712603446e-05,17298.605904628163,0.5085122956579458,86,7342.042198799827,-0.3915897754663836,-17356.926094737417
319,2024-12-31 07:00:00,92811.7,90000.0,1.6760214412529925e-05,17297.847764696122,0.5085122956579458,86,7328.542331207966,-0.3910113202641101,-17357.718300987053
320,2024-12-31 08:00:00,93870.3,90000.0,1.634460859563148e-05,17255.914566361454,0.5085122956579458,86,6923.932085814056,-0.37348719106680006,-17361.538178577146
321,2024-12-31 09:00:00,93990.0,90000.0,1.629640831316609e-05,17248.933268636098,0.5085122956579458,86,6879.342647590005,-0.3715336238982129,-17359.509551621002
322,2024-12-31 10:00:00,94063.0,90000.0,1.626690027106798e-05,17244.456098990435,0.5085122956579458,86,6852.264088636148,-0.37034506261969447,-17358.03087863535
323,2024-12-31 11:00:00,94201.5,90000.0,1.6210685251864067e-05,17235.506690385475,0.5085122956579458,86,6801.127135855117,-0.3680959863634825,-17354.724794338665
324,2024-12-31 12:00:00,94510.2,90000.0,1.6084332385523345e-05,17213.431236724453,0.5085122956579458,86,6688.266307975704,-0.3631112134822938,-17345.01318718724
325,2024-12-31 13:00:00,95552.1,90000.0,1.5647983572815392e-05,17117.71925214288,0.5085122956579458,86,6318.592667353718,-0.34657900290331567,-17288.860454885766
326,2024-12-31 14:00:00,95657.5,90000.0,1.5603064177058005e-05,17106.257018557008,0.5085122956579458,86,6282.150075316487,-0.344932071518235,-17281.215074597978
327,2024-12-31 15:00:00,95385.1,90000.0,1.5718879239063583e-05,17135.220659133352,0.5085122956579458,86,6376.689894078736,-0.34919814072398425,-17300.24504740843
328,2024-12-31 16:00:00,94834.2,90000.0,1.595021505402478e-05,17187.13776474107,0.5085122956579458,86,6571.460169289625,-0.35792157637496236,-17331.379023919588
329,2024-12-31 17:00:00,94087.2,90000.0,1.625709952266659e-05,17242.93528495546,0.5085122956579458,86,6843.3065004380915,-0.36995152220356753,-17357.50042300726
330,2024-12-31 18:00:00,93850.1,90000.0,1.635271974435875e-05,17257.048453296622,0.5085122956579458,86,6931.479862252396,-0.3738174340942423,-17361.831867465622
331,2024-12-31 19:00:00,94140.8,90000.0,1.6235359319211025e-05,17239.502123705053,0.5085122956579458,86,6823.5004414418945,-0.3690807241055324,-17356.254291624533
332,2024-12-31 20:00:00,93537.7,90000.0,1.647729931648592e-05,17272.94737334128,0.5085122956579458,86,7049.060423366711,-0.3789455256201537,-17364.574460909997
333,2024-12-31 21:00:00,93856.6,90000.0,1.6350110447960423e-05,17256.68498547953,0.5085122956579458,86,6929.050394363614,-0.3737111498957433,-17361.738899408167
334,2024-12-31 22:00:00,93460.1,90000.0,1.650798835348482e-05,17276.417150213787,0.5085122956579458,86,7078.51623815218,-0.3802253554535511,-17364.728853214656
335,2024-12-31 23:00:00,93530.0,90000.0,1.6480349127053756e-05,17273.300233040627,0.5085122956579458,86,7051.978792413662,-0.37907241256731405,-17364.599188739456
336,2025-01-01 00:00:00,94343.2,90000.0,1.6152864808147685e-05,17225.736883761198,0.5085122956579458,86,6749.130487632021,-0.36580302522201036,-17350.666976610202
337,2025-01-01 01:00:00,93575.2,90000.0,1.6558786214794528e-05,17170.28670305709,0.5085122956579458,85,6987.13675986306,-0.37831306399518005,-17474.983081919265
338,2025-01-01 02:00:00,94056.3,90000.0,1.6364165073795393e-05,17143.407653392245,0.5085122956579458,85,6807.039199867941,-0.37039329211131555,-17467.92624684831
339,2025-01-01 03:00:00,93802.0,90000.0,1.6467522972312784e-05,17158.52667760329,0.5085122956579458,85,6901.7604538471205,-0.37456786386959307,-17472.66988274664
340,2025-01-01 04:00:00,93523.3,90000.0,1.6579545509934582e-05,17172.747575877635,0.5085122956579458,85,7006.7935186653485,-0.3791730039074155,-17475.256475290276
341,2025-01-01 05:00:00,93755.9,90000.0,1.6486144539506995e-05,17161.04922880648,0.5085122956579458,85,6919.045537442726,-0.37532744604373736,-17473.287034346533
342,2025-01-01 06:00:00,93720.1,90000.0,1.650058068493034e-05,17162.96174448053,0.5085122956579458,85,6932.492827747046,-0.3759179084902937,-17473.714667055396
343,2025-01-01 07:00:00,93642.7,90000.0,1.653171690674631e-05,17166.957575694487,0.5085122956579458,85,6961.638330487491,-0.3771962590701412,-17474.48460910163
344,2025-01-01 08:00:00,93375.0,90000.0,1.663860128729885e-05,17179.303972372792,0.5085122956579458,85,7063.207408030983,-0.38163613432357246,-17475.5094670198
345,2025-01-01 09:00:00,93368.4,90000.0,1.6641220405623696e-05,17179.579347197247,0.5085122956579458,85,7065.726568925282,-0.3817459577355903,-17475.502490893312
346,2025-01-01 10:00:00,93297.8,90000.0,1.666918785470802e-05,17182.437257024627,0.5085122956579458,85,7092.719329710104,-0.38292181567748673,-17475.33037979311
347,2025-01-01 11:00:00,93393.3,90000.0,1.6631335094145995e-05,17178.53310469504,0.5085122956579458,85,7056.226252417968,-0.38133171439651614,-17475.520669087375
348,2025-01-01 12:00:00,93772.2,90000.0,1.6479564447632537e-05,17160.164993349532,0.5085122956579458,85,6912.929889882755,-0.37505877550937794,-17473.077370054263
349,2025-01-01 13:00:00,93985.9,90000.0,1.6392885047642326e-05,17147.79655442059,0.5085122956579458,85,6833.155463082876,-0.3715463407485857,-17469.46574781509
350,2025-01-01 14:00:00,94134.4,90000.0,1.6332210090248362e-05,17138.35739787411,0.5085122956579458,85,6778.161358805955,-0.3691164980230556,-17466.016559636344
351,2025-01-01 15:00:00,94411.6,90000.0,1.6218014336611775e-05,17118.902371148295,0.5085122956579458,85,6676.468289142009,-0.3646050092049109,-17457.534774022217
352,2025-01-01 16:00:00,94060.1,90000.0,1.6362612559329507e-05,17143.16633962566,0.5085122956579458,85,6805.6318235034705,-0.37033111123373863,-17467.83823771814
353,2025-01-01 17:00:00,94106.0,90000.0,1.6343841421693902e-05,17140.215882719283,0.5085122956579458,85,6788.650855367494,-0.3695804979850841,-17466.735511137118
354,2025-01-01 18:00:00,94300.0,90000.0,1.6264133303941567e-05,17127.021007487197,0.5085122956579458,85,6717.259298116958,-0.36641751482682894,-17461.268137253748
355,2025-01-01 19:00:00,94583.4,90000.0,1.6146647468632888e-05,17105.65569760767,0.5085122956579458,85,6614.068137331196,-0.36182487840315014,-17450.953435917767
356,2025-01-01 20:00:00,94751.4,90000.0,1.6076436220832893e-05,17091.83032680863,0.5085122956579458,85,6553.509089459854,-0.3591181336046574,-17443.54602555846
357,2025-01-01 21:00:00,94946.9,90000.0,1.5994221751701833e-05,17074.665800347044,0.5085122956579458,85,6483.608194197761,-0.3559832179851884,-17433.726010419257
358,2025-01-01 22:00:00,94761.1,90000.0,1.6072369843698284e-05,17091.005898874493,0.5085122956579458,85,6550.026399816066,-0.35896221189415123,-17443.089147045474
359,2025-01-01 23:00:00,94564.6,90000.0,1.6154478653342434e-05,17107.149324486418,0.5085122956579458,85,6620.873298942082,-0.3621285089969124,-17451.722719637528
360,2025-01-02 00:00:00,95104.9,90000.0,1.592738854354471e-05,17059.9549863047,0.5085122956579458,85,6427.562207917144,-0.3534614062718441,-17424.853776819033
361,2025-01-02 01:00:00,94844.5,90000.0,1.6130315194134962e-05,16980.67838972511,0.5085122956579458,84,6472.216435811468,-0.35748285215914233,-17548.987944543856
362,2025-01-02 02:00:00,95217.0,90000.0,1.597114265855971e-05,16945.44027473225,0.5085122956579458,84,6340.16949462684,-0.3515038953608295,-17527.102239030748
363,2025-01-02 03:00:00,94985.8,90000.0,1.607016566059405e-05,16967.802618394096,0.5085122956579458,84,6421.864935320846,-0.3552078848269574,-17541.240610283712
364,2025-01-02 04:00:00,95685.8,90000.0,1.5768170751557837e-05,16895.23273953867,0.5085122956579458,84,6177.1320764078555,-0.3440640893574909,-17492.936863888306
365,2025-01-02 05:00:00,95556.6,90000.0,1.582439078074569e-05,16909.71378417167,0.5085122956579458,84,6221.716919506784,-0.346104971077814,-17503.081028246677
366,2025-01-02 06:00:00,95547.1,90000.0,1.5828516334712787e-05,16910.759338186766,0.5085122956579458,84,6225.005630869709,-0.34625532238751755,-17503.805169608644
367,2025-01-02 07:00:00,95799.9,90000.0,1.5718349990016743e-05,16882.04082879101,0.5085122956579458,84,6137.976897206667,-0.3422677818403552,-17483.521901142758
368,2025-01-02 08:00:00,96115.0,90000.0,1.5579960968621065e-05,16843.66464048726,0.5085122956579458,84,6030.906355731044,-0.33733670255921067,-17455.318933463248
369,2025-01-02 09:00:00,96716.4,90000.0,1.5312789983225467e-05,16762.64129979774,0.5085122956579458,84,5830.8335107645835,-0.32804706135084905,-17392.673839339044
370,2025-01-02 10:00:00,96686.5,90000.0,1.5326161178117628e-05,16766.906680003358,0.5085122956579458,84,5840.648964785301,-0.3285051136926529,-17396.057416577925
371,2025-01-02 11:00:00,96717.7,90000.0,1.5312208427428506e-05,16762.45529224108,0.5085122956579458,84,5830.407062523955,-0.3280271551018803,-17392.52609574982
372,2025-01-02 12:00:00,96825.0,90000.0,1.5264151031494194e-05,16746.9431452316,0.5085122956579458,84,5795.297803566689,-0.3263867324199813,-17380.15059759075
373,2025-01-02 13:00:00,96431.4,90000.0,1.5439875280424815e-05,16802.295249249593,0.5085122956579458,84,5924.950537135359,-0.33242933574134237,-17423.787287405896
374,2025-01-02 14:00:00,97238.1,90000.0,1.5078130872160294e-05,16684.312557371893,0.5085122956579458,84,5661.764590650608,-0.3201194808061536,-17329.199659735044
375,2025-01-02 15:00:00,96427.0,90000.0,1.544183075851761e-05,16802.88980015808,0.5085122956579458,84,5926.413375676915,-0.3324972754947024,-17424.24760804837
376,2025-01-02 16:00:00,97195.2,90000.0,1.5097519883938863e-05,16691.029543836576,0.5085122956579458,84,5675.511597297111,-0.32076674857170895,-17334.73285386189
377,2025-01-02 17:00:00,96729.2,90000.0,1.5307063173859682e-05,16760.80782376801,0.5085122956579458,84,5826.635762646663,-0.3278510942889312,-17391.21684309091
378,2025-01-02 18:00:00,97288.2,90000.0,1.5055467764493635e-05,16676.406389215168,0.5085122956579458,84,5645.745518313328,-0.3193646340709084,-17322.667460482804
379,2025-01-02 19:00:00,97294.1,90000.0,1.505279745025812e-05,16675.470946269867,0.5085122956579458,84,5643.861528997251,-0.31927581468837996,-17321.893220039077
380,2025-01-02 20:00:00,97248.1,90000.0,1.5073609010531461e-05,16682.739797566923,0.5085122956579458,84,5658.564149673737,-0.3199687221060252,-17327.901876498094
381,2025-01-02 21:00:00,97163.5,90000.0,1.5111836699654776e-05,16695.961435379,0.5085122956579458,84,5685.68749129842,-0.32124556689672024,-17338.785687325275
382,2025-01-02 22:00:00,96850.2,90000.0,1.525284842257384e-05,16743.254486992744,0.5085122956579458,84,5787.077703386851,-0.32600221821415554,-17377.192418027822
383,2025-01-02 23:00:00,96960.5,90000.0,1.5203306614625852e-05,16726.906415891473,0.5085122956579458,84,5751.212342083949,-0.32432256021640804,-17364.014045742886
384,2025-01-03 00:00:00,96796.3,90000.0,1.52770160534182e-05,16751.123049807647,0.5085122956579458,84,5804.671391017822,-0.3268249981865432,-17383.49570700841
385,2025-01-03 01:00:00,96952.3,90000.0,1.5291811122743854e-05,16621.179673015813,0.5085122956579458,83,5706.1528175884305,-0.3241110945165906,-17470.496021989577
386,2025-01-03 02:00:00,96939.8,90000.0,1.5297491346629158e-05,16623.066465421565,0.5085122956579458,83,5710.205401090556,-0.3243022776585682,-17472.049638208995
387,2025-01-03 03:00:00,97024.2,90000.0,1.525910988060095e-05,16610.244597977697,0.5085122956579458,83,5682.8887280775525,-0.32301278861581595,-17461.465039883853
388,2025-01-03 04:00:00,96777.6,90000.0,1.5371061602607275e-05,16647.163503110718,0.5085122956579458,83,5763.0087830235425,-0.32678950075129143,-17491.765611663614
389,2025-01-03 05:00:00,96729.4,90000.0,1.539287433142167e-05,16654.185512531967,0.5085122956579458,83,5778.777900740606,-0.32753091170017634,-17497.46499840874
390,2025-01-03 06:00:00,96512.8,90000.0,1.5490604815027006e-05,16684.94932351708,0.5085122956579458,83,5850.082943995352,-0.3308756011935545,-17522.16744213206
391,2025-01-03 07:00:00,96283.3,90000.0,1.559361562555765e-05,16716.11864298861,0.5085122956579458,83,5926.42774699998,-0.33444252639321714,-17546.702981156588
392,2025-01-03 08:00:00,96092.3,90000.0,1.5678900885792016e-05,16740.926054368992,0.5085122956579458,83,5990.591224063886,-0.33742905830926995,-17565.82247441558
393,2025-01-03 09:00:00,96518.1,90000.0,1.548821924223114e-05,16684.212096093084,0.5085122956579458,83,5848.329520863394,-0.33079350730967183,-17521.580837388436
394,2025-01-03 10:00:00,96453.5,90000.0,1.5517275947859585e-05,16693.14449860531,0.5085122956579458,83,5869.7311190615,-0.3317949850426265,-17528.669434026
395,2025-01-03 11:00:00,96715.4,90000.0,1.53992056319653e-05,16656.213131399472,0.5085122956579458,83,5783.364842212934,-0.3277464562622133,-17499.106668614542
396,2025-01-03 12:00:00,96630.0,90000.0,1.5437783682551695e-05,16668.464586587805,0.5085122956579458,83,5811.410590928135,-0.32906319623273395,-17508.98641335713
397,2025-01-03 13:00:00,96470.7,90000.0,1.5509543816842357e-05,16690.777591526305,0.5085122956579458,83,5864.026540253035,-0.3315281543881268,-17526.795132525538
398,2025-01-03 14:00:00,96977.7,90000.0,1.5280264353780544e-05,16617.332651393775,0.5085122956579458,83,5697.925327378689,-0.3237228291451463,-17467.324056308087
399,2025-01-03 15:00:00,97491.8,90000.0,1.5045304813031519e-05,16535.74837507906,0.5085122956579458,83,5533.508374561541,-0.31592754197333117,-17398.842532095776
400,2025-01-03 16:00:00,97828.8,90000.0,1.4890090535358874e-05,16478.492455638654,0.5085122956579458,83,5427.892199311827,-0.3108834029794596,-17349.602184693533
401,2025-01-03 17:00:00,97983.6,90000.0,1.4818505837928662e-05,16451.21148963323,0.5085122956579458,83,5379.9455687237205,-0.308583955383841,-17325.85284516244
402,2025-01-03 18:00:00,98495.5,90000.0,1.4580627530218445e-05,16356.699708969141,0.5085122956579458,83,5223.912604177691,-0.3010591747451372,-17242.35463972256
403,2025-01-03 19:00:00,98555.2,90000.0,1.4552778540017913e-05,16345.25476264754,0.5085122956579458,83,5205.965338240174,-0.3001895424702731,-17232.128305083897
404,2025-01-03 20:00:00,98252.7,90000.0,1.4693667341548688e-05,16402.342535299395,0.5085122956579458,83,5297.440660759705,-0.3046130815152066,-17282.900185676044
405,2025-01-03 21:00:00,98208.7,90000.0,1.4714112541994318e-05,16410.457336527583,0.5085122956579458,83,5310.857866414342,-0.30526005271878953,-17290.066888733672
406,2025-01-03 22:00:00,98260.1,90000.0,1.4690227598462993e-05,16400.97302869434,0.5085122956579458,83,5295.186926237715,-0.3045043611037108,-17281.689394927274
407,2025-01-03 23:00:00,98140.0,90000.0,1.4746009506835366e-05,16423.03064434663,0.5085122956579458,83,5331.86398015781,-0.3062720080902288,-17301.144843625327
408,2025-01-04 00:00:00,97910.2,90000.0,1.4852470055680216e-05,16464.223283828658,0.5085122956579458,83,5402.635579349546,-0.30967288043447827,-17337.2018148936
409,2025-01-04 01:00:00,97986.3,90000.0,1.4898164227542959e-05,16341.274354802583,0.5085122956579458,82,5331.50459122863,-0.30811147326561616,-17428.56981156797
410,2025-01-04 02:00:00,98262.2,90000.0,1.4768716595834112e-05,16290.640874645089,0.5085122956579458,82,5247.062025312902,-0.30401891498427913,-17383.31272585463
411,2025-01-04 03:00:00,98144.1,90000.0,1.4824191255763851e-05,16312.549760245996,0.5085122956579458,82,5283.069782333041,-0.3057663771147777,-17402.959918881763
412,2025-01-04 04:00:00,97968.8,90000.0,1.4906356917461578e-05,16344.420955614632,0.5085122956579458,82,5336.898823710391,-0.3083722628288671,-17431.36443113722
413,2025-01-04 05:00:00,98081.6,90000.0,1.485351071284627e-05,16324.0021728269,0.5085122956579458,82,5302.209153493852,-0.3066938054421583,-17413.191407171522
414,2025-01-04 06:00:00,98091.6,90000.0,1.4848821421459112e-05,16322.176419685402,0.5085122956579458,82,5299.1429580367985,-0.3065452937809048,-17411.562121304374
415,2025-01-04 07:00:00,98235.0,90000.0,1.4781501419692669e-05,16295.717785558054,0.5085122956579458,82,5255.336804620718,-0.3044207979603777,-17387.873986236955
416,2025-01-04 08:00:00,97877.7,90000.0,1.4948969536379393e-05,16360.6748703673,0.5085122956579458,82,5365.053451310247,-0.3097321734127919,-17445.76479292234
417,2025-01-04 09:00:00,97661.3,90000.0,1.5049940237112304e-05,16398.42824411581,0.5085122956579458,82,5432.430304748079,-0.3129780619733805,-17478.971715652442
418,2025-01-04 10:00:00,97745.9,90000.0,1.501050964652295e-05,16383.813054380822,0.5085122956579458,82,5406.0061711019225,-0.3117065045457077,-17466.158047190016
419,2025-01-04 11:00:00,97848.4,90000.0,1.4962661710938912e-05,16365.857320758492,0.5085122956579458,82,5374.1350227210205,-0.3101703788262955,-17450.343507251317
420,2025-01-04 12:00:00,97842.7,90000.0,1.4965324626138228e-05,16366.862946848201,0.5085122956579458,82,5375.90323696316,-0.31025567358747264,-17451.231253119877
421,2025-01-04 13:00:00,97929.9,90000.0,1.4924560117154584e-05,16351.387404892796,0.5085122956579458,82,5348.905787550175,-0.30895247420101346,-17437.543769860375
422,2025-01-04 14:00:00,97995.0,90000.0,1.4894090466989779e-05,16339.707140496563,0.5085122956579458,82,5328.824585180875,-0.3079818769572995,-17427.17709368653
423,2025-01-04 15:00:00,97617.4,90000.0,1.5070378847427294e-05,16405.938863513446,0.5085122956579458,82,5446.184550432517,-0.313639203033914,-17485.535257198477
424,2025-01-04 16:00:00,97676.7,90000.0,1.5042766774527513e-05,16395.781641075257,0.5085122956579458,82,5427.612226932062,-0.312746348126968,-17476.655360642013
425,2025-01-04 17:00:00,97973.2,90000.0,1.4904297249811962e-05,16343.630545025415,0.5085122956579458,82,5335.542130040805,-0.30830667938964784,-17430.66264226473
426,2025-01-04 18:00:00,97925.1,90000.0,1.49268055024302e-05,16352.244337914466,0.5085122956579458,82,5350.388931365887,-0.30902411747856806,-17438.303128332744
427,2025-01-04 19:00:00,98129.3,90000.0,1.4831136542637261e-05,16315.27060290496,0.5085122956579458,82,5287.59674851333,-0.3059858265423414,-17405.393151085216
428,2025-01-04 20:00:00,98571.9,90000.0,1.4622816106442067e-05,16231.539777719605,0.5085122956579458,82,5153.613301426187,-0.29946762072819755,-17329.86277741018
429,2025-01-04 21:00:00,98336.3,90000.0,1.4733862788061542e-05,16276.716323391305,0.5085122956579458,82,5224.574737933188,-0.3029258441978614,-17370.777056675848
430,2025-01-04 22:00:00,98367.5,90000.0,1.4719176915307646e-05,16270.81247072346,0.5085122956579458,82,5215.130620477517,-0.3024663767623521,-17365.451056676433
431,2025-01-04 23:00:00,98177.2,90000.0,1.4808652795125828e-05,16306.444662969468,0.5085122956579458,82,5272.957033179628,-0.305275953525145,-17397.494684396373
432,2025-01-05 00:00:00,98175.9,90000.0,1.4809263207585918e-05,16306.684960323282,0.5085122956579458,82,5273.35390443269,-0.3052952051705481,-17397.70993910503
433,2025-01-05 01:00:00,98098.5,90000.0,1.4927171668059587e-05,16210.47996553418,0.5085122956579458,81,5249.185847043991,-0.3059895577772471,-17514.716845714214
434,2025-01-05 02:00:00,98209.4,90000.0,1.4874520135493668e-05,16189.845055700785,0.5085122956579458,81,5215.343290429475,-0.30433705317238535,-17495.94096651579
435,2025-01-05 03:00:00,98161.7,90000.0,1.4897176991587602e-05,16198.758568935931,0.5085122956579458,81,5229.877098382582,-0.30504710821140124,-17504.06186183524
436,2025-01-05 04:00:00,98332.4,90000.0,1.4816025415313094e-05,16166.59674274271,0.5085122956579458,81,5178.022203766537,-0.30251108357984313,-17474.68804750936
437,2025-01-05 05:00:00,98311.4,90000.0,1.4826019475708196e-05,16170.59278246727,0.5085122956579458,81,5184.378204189925,-0.30282232505628837,-17478.348343135905
438,2025-01-05 06:00:00,98419.4,90000.0,1.4774590824004351e-05,16149.924679829788,0.5085122956579458,81,5151.759758488988,-0.30122389141844086,-17459.385355619914
439,2025-01-05 07:00:00,98227.4,90000.0,1.4865966309432106e-05,16186.466571502302,0.5085122956579458,81,5209.867632682755,-0.30406938879105794,-17492.85884935539
440,2025-01-05 08:00:00,97814.5,90000.0,1.5061598236122441e-05,16261.894910822268,0.5085122956579458,81,5336.690673498495,-0.3102479773383482,-17561.10991808352
441,2025-01-05 09:00:00,97616.4,90000.0,1.5154996432828243e-05,16296.525700485012,0.5085122956579458,81,5398.446944947849,-0.3132409362463763,-17592.0134401572
442,2025-01-05 10:00:00,97690.0,90000.0,1.5120333156128035e-05,16283.778732990784,0.5085122956579458,81,5375.433427759926,-0.31212680384550917,-17580.672914539642
443,2025-01-05 11:00:00,97607.6,90000.0,1.5159137973507551e-05,16298.040302510177,0.5085122956579458,81,5401.20405204175,-0.3133743184382347,-17593.35816216772
444,2025-01-05 12:00:00,97720.0,90000.0,1.5106191464970503e-05,16278.542376072002,0.5085122956579458,81,5366.076425673513,-0.31167340595805526,-17576.002481630916
445,2025-01-05 13:00:00,97662.9,90000.0,1.51331015539334e-05,16288.488724743538,0.5085122956579458,81,5383.897617969138,-0.3125367378993147,-17584.868029336045
446,2025-01-05 14:00:00,97810.0,90000.0,1.5063723318186387e-05,16262.692897778183,0.5085122956579458,81,5338.08694190238,-0.31031575931190436,-17561.825292192243
447,2025-01-05 15:00:00,97990.1,90000.0,1.4978551683095922e-05,16230.348192572312,0.5085122956579458,81,5282.44291708582,-0.3076104487522403,-17532.712741344607
448,2025-01-05 16:00:00,97996.3,90000.0,1.4975615282120991e-05,16229.219894633003,0.5085122956579458,81,5280.5360201725125,-0.3075175908345018,-17531.693008741273
449,2025-01-05 17:00:00,97700.0,90000.0,1.5115620065589415e-05,16282.035887261633,0.5085122956579458,81,5372.312915659582,-0.3119756240787267,-17579.119182806156
450,2025-01-05 18:00:00,97872.0,90000.0,1.5034430587326511e-05,16251.652352246134,0.5085122956579458,81,5318.876298539137,-0.30938271638724524,-17551.914589956563
451,2025-01-05 19:00:00,98049.2,90000.0,1.4950549700688754e-05,16219.553069523692,0.5085122956579458,81,5264.289281884907,-0.30672604368066114,-17522.945201804196
452,2025-01-05 20:00:00,98237.4,90000.0,1.486121322872873e-05,16184.586115652091,0.5085122956579458,81,5206.827682013944,-0.3039207528928004,-17491.142395269348
453,2025-01-05 21:00:00,98472.0,90000.0,1.474951608743009e-05,16139.753672611258,0.5085122956579458,81,5135.935809113216,-0.30044740733018027,-17450.02545280079
454,2025-01-05 22:00:00,98656.2,90000.0,1.466157281852391e-05,16103.598777521605,0.5085122956579458,81,5080.843122544713,-0.2977386428993164,-17416.61158913901
455,2025-01-05 23:00:00,98340.5,90000.0,1.4812169787916021e-05,16165.052471480565,0.5085122956579458,81,5175.57234998708,-0.3023910893889792,-17473.272735804254
456,2025-01-06 00:00:00,98183.9,90000.0,1.4886634248732713e-05,16194.617278459646,0.5085122956579458,81,5223.108722676727,-0.304716507900302,-17500.290772350465
457,2025-01-06 01:00:00,98716.6,90000.0,1.4712141904841563e-05,15979.1938045913,0.5085122956579458,80,5015.059473573405,-0.29633834726614805,-17508.505489182175
458,2025-01-06 02:00:00,98780.0,90000.0,1.4681449239274018e-05,15966.346592275611,0.5085122956579458,80,4996.301169967337,-0.29540657030490314,-17496.362503219425
459,2025-01-06 03:00:00,99001.7,90000.0,1.4573946398902444e-05,15920.659467039868,0.5085122956579458,80,4931.169456382297,-0.29216360478245806,-17452.984417886353
460,2025-01-06 04:00:00,99429.5,90000.0,1.4365810096233278e-05,15829.208993178605,0.5085122956579458,80,4807.509133880842,-0.28597336037742305,-17365.32284330972
461,2025-01-06 05:00:00,99580.0,90000.0,1.4292396256620159e-05,15796.027218420078,0.5085122956579458,80,4764.632560685102,-0.2838168292055667,-17333.268084089985
462,2025-01-06 06:00:00,99517.6,90000.0,1.4322845993105323e-05,15809.84787001305,0.5085122956579458,80,4782.370576171088,-0.2847096248433115,-17346.63434181239
463,2025-01-06 07:00:00,99275.0,90000.0,1.4441076256985502e-05,15862.730060083728,0.5085122956579458,80,4851.863775338759,-0.28819869368992856,-17397.575993278122
464,2025-01-06 08:00:00,99017.4,90000.0,1.4566323524827009e-05,15917.379452572995,0.5085122956579458,80,4926.584283640099,-0.29193485366189875,-17449.858914212455
465,2025-01-06 09:00:00,98979.1,90000.0,1.4584917218331847e-05,15925.370707811277,0.5085122956579458,80,4937.776076678783,-0.2924930999463199,-17457.471157214077
466,2025-01-06 10:00:00,98742.6,90000.0,1.4699557802012643e-05,15973.937037728585,0.5085122956579458,80,5007.359647830759,-0.29595599516148274,-17503.53989412424
467,2025-01-06 11:00:00,99238.8,90000.0,1.445869607361415e-05,15870.50397080179,0.5085122956579458,80,4862.306033980931,-0.2887217795872161,-17405.036472752276
468,2025-01-06 12:00:00,99120.0,90000.0,1.4516477111371945e-05,15895.800422878046,0.5085122956579458,80,4896.708348319895,-0.29044290553871677,-17429.26045683275
469,2025-01-06 13:00:00,99460.3,90000.0,1.4350793351355928e-05,15822.460547181536,0.5085122956579458,80,4798.707965998168,-0.2855311246742034,-17358.8136937412
470,2025-01-06 14:00:00,100692.4,90000.0,1.3747542523521478e-05,15535.206751466814,0.5085122956579458,80,4457.645471609445,-0.2682207096587378,-17077.555349912353
471,2025-01-06 15:00:00,102117.4,90000.0,1.3047197609502372e-05,15164.053872857796,0.5085122956579458,80,4089.152023141447,-0.24912943156664036,-16705.076719380133
472,2025-01-06 16:00:00,102132.7,90000.0,1.3039682009515842e-05,15159.86060532094,0.5085122956579458,80,4085.3418696545123,-0.24892986693792585,-16700.82376232482
473,2025-01-06 17:00:00,101788.0,90000.0,1.3209063010079794e-05,15253.29800347846,0.5085122956579458,80,4171.926023530847,-0.2534538349244576,-16795.377314551675
474,2025-01-06 18:00:00,101702.4,90000.0,1.3251140158407493e-05,15276.161175257374,0.5085122956579458,80,4193.670116964873,-0.2545863315915693,-16818.442810126067
475,2025-01-06 19:00:00,101761.6,90000.0,1.3222039640458511e-05,15260.363881649875,0.5085122956579458,80,4178.621809374483,-0.2538027254785239,-16802.508793860754
476,2025-01-06 20:00:00,102056.1,90000.0,1.307731195147893e-05,15180.811960439763,0.5085122956579458,80,4104.448189817835,-0.24993014776215672,-16722.06455773653
477,2025-01-06 21:00:00,101545.7,90000.0,1.332817488618267e-05,15317.656958027806,0.5085122956579458,80,4233.726800524717,-0.2566688208233652,-16860.23080548054
478,2025-01-06 22:00:00,101956.4,90000.0,1.3126299527629981e-05,15207.921989783501,0.5085122956579458,80,4129.431301531178,-0.25123639770956574,-16749.516007247832
479,2025-01-06 23:00:00,102185.9,90000.0,1.3013551666467239e-05,15145.247341583565,0.5085122956579458,80,4072.117241121916,-0.24823685093851533,-16685.99567885969
480,2025-01-07 00:00:00,101996.9,90000.0,1.31063986357979e-05,15196.931254882453,0.5085122956579458,80,4119.266987189825,-0.25070518557714294,-16738.391411677607
481,2025-01-07 01:00:00,101869.3,90000.0,1.3231277130113619e-05,15112.074814803178,0.5085122956579458,79,4105.290470600739,-0.2516272856978963,-16860.422393904646
482,2025-01-07 02:00:00,101623.3,90000.0,1.3353654046758444e-05,15178.274166784991,0.5085122956579458,79,4167.592369070815,-0.25489723153165555,-16928.2074829615
483,2025-01-07 03:00:00,101650.9,90000.0,1.3339922433983552e-05,15170.903503948874,0.5085122956579458,79,4160.562289876907,-0.25452886017684484,-16920.672166493336
484,2025-01-07 04:00:00,101615.1,90000.0,1.3357733778951245e-05,15180.461222369606,0.5085122956579458,79,4169.682975364922,-0.2550067482217262,-16930.442807942552
485,2025-01-07 05:00:00,101686.9,90000.0,1.3322012078541084e-05,15161.267972796695,0.5085122956579458,79,4151.407891311595,-0.25404894535724054,-16910.816812750665
486,2025-01-07 06:00:00,101760.0,90000.0,1.3285646001809347e-05,15141.627516024535,0.5085122956579458,79,4132.872474836171,-0.2530764354713817,-16890.71243406985
487,2025-01-07 07:00:00,101646.2,90000.0,1.3342260768875137e-05,15172.159670896306,0.5085122956579458,79,4161.758722867773,-0.2545915633073682,-16921.956610223457
488,2025-01-07 08:00:00,101872.0,90000.0,1.3229934185366038e-05,15111.341980143929,0.5085122956579458,79,4104.61112515573,-0.25159156306262176,-16859.670685320652
489,2025-01-07 09:00:00,101667.1,90000.0,1.3331862707349579e-05,15166.570539786231,0.5085122956579458,79,4156.440672454119,-0.2543128187173407,-16916.24098991473
490,2025-01-07 10:00:00,101358.6,90000.0,1.3485354970931508e-05,15248.22440064894,0.5085122956579458,79,4235.533023363576,-0.2584493742639331,-16999.564678168936
491,2025-01-07 11:00:00,100796.4,90000.0,1.3764986615185535e-05,15392.229189912929,0.5085122956579458,79,4382.9791452635545,-0.26610945638285666,-17145.50346581347
492,2025-01-07 12:00:00,100719.5,90000.0,1.3803211395267507e-05,15411.430312568757,0.5085122956579458,79,4403.483700517099,-0.2671694536494593,-17164.855463860917
493,2025-01-07 13:00:00,100606.0,90000.0,1.3859612707656796e-05,15439.546658005782,0.5085122956579458,79,4433.896462823264,-0.26873931911211946,-17193.143708260508
494,2025-01-07 14:00:00,100599.7,90000.0,1.3862742733263478e-05,15441.099451545282,0.5085122956579458,79,4435.589795598396,-0.2688266445317943,-17194.70426237235
495,2025-01-07 15:00:00,97905.1,90000.0,1.5188027320633866e-05,16023.142154230583,0.5085122956579458,79,5211.911559711647,-0.30797444812052,-17761.90465609578
496,2025-01-07 16:00:00,97695.3,90000.0,1.5289401575965317e-05,16061.034484391916,0.5085122956579458,79,5276.859601679447,-0.3111715367254043,-17797.03756267351
497,2025-01-07 17:00:00,97242.4,90000.0,1.5506938267894284e-05,16138.868434744676,0.5085122956579458,79,5419.36471212552,-0.3181454379378331,-17868.079233345714
498,2025-01-07 18:00:00,96720.5,90000.0,1.5755150278846707e-05,16221.660251276566,0.5085122956579458,79,5587.5280028249545,-0.32630340219358656,-17941.602112435015
499,2025-01-07 19:00:00,96415.7,90000.0,1.5898747708593485e-05,16266.500108049597,0.5085122956579458,79,5687.719358029208,-0.33112748319964036,-17980.301200703398
500,2025-01-07 20:00:00,96494.5,90000.0,1.586172573319982e-05,16255.159740616078,0.5085122956579458,79,5661.675835217626,-0.32987612006785605,-17970.600366244595
501,2025-01-07 21:00:00,96461.3,90000.0,1.5877332697084326e-05,16259.959204669274,0.5085122956579458,79,5672.636466985845,-0.33040298847337257,-17974.71349527954
502,2025-01-07 22:00:00,97127.4,90000.0,1.5561869912367932e-05,16157.754024948992,0.5085122956579458,79,5456.054098267399,-0.31993189564828606,-17885.056161039905
503,2025-01-07 23:00:00,96908.1,90000.0,1.566625464225799e-05,16192.76541389353,0.5085122956579458,79,5526.5902051899175,-0.32335606849074516,-17916.218858162625
504,2025-01-08 00:00:00,97208.7,90000.0,1.5523049003554134e-05,16144.439960653785,0.5085122956579458,79,5430.095021971385,-0.3186682932542251,-17873.099212735957
505,2025-01-08 01:00:00,96853.1,90000.0,1.578501098684073e-05,16090.70737745942,0.5085122956579458,78,5495.135213273985,-0.3238385290956307,-18038.73970952563
506,2025-01-08 02:00:00,96808.8,90000.0,1.5806256128344e-05,16097.627940154569,0.5085122956579458,78,5509.496756026696,-0.3245382757417308,-18044.941000760755
507,2025-01-08 03:00:00,96487.5,90000.0,1.595968045245016e-05,16146.169085264808,0.5085122956579458,78,5614.589417936935,-0.329641505168628,-18087.898200465177
508,2025-01-08 04:00:00,96231.3,90000.0,1.6081141559345393e-05,16182.766852210238,0.5085122956579458,78,5699.568686777042,-0.3337459516687705,-18119.576758328658
509,2025-01-08 05:00:00,96445.9,90000.0,1.597945690246191e-05,16152.239729994466,0.5085122956579458,78,5628.316319849808,-0.33030583929745205,-18093.198399500765
510,2025-01-08 06:00:00,95239.2,90000.0,1.654322959667572e-05,16306.282848977693,0.5085122956579458,78,6038.668442692011,-0.34993041375847966,-18220.05308795603
511,2025-01-08 07:00:00,95608.9,90000.0,1.637266490153747e-05,16263.694696709497,0.5085122956579458,78,5910.425843484787,-0.3438458477501559,-18186.800558736482
512,2025-01-08 08:00:00,95894.5,90000.0,1.6239544986602584e-05,16227.97953967316,0.5085122956579458,78,5812.889401073568,-0.33918879701244764,-18157.684668367183
513,2025-01-08 09:00:00,95383.5,90000.0,1.647689899075413e-05,16290.153806948874,0.5085122956579458,78,5988.345489684449,-0.34754800765784755,-18207.675047901994
514,2025-01-08 10:00:00,95911.2,90000.0,1.6231726075840993e-05,16225.816163988591,0.5085122956579458,78,5807.227212323443,-0.338917661893813,-18155.890788020217
515,2025-01-08 11:00:00,95101.8,90000.0,1.6606089025649076e-05,16321.047640005065,0.5085122956579458,78,6086.905237390369,-0.35220777533748093,-18231.11793857578
516,2025-01-08 12:00:00,94842.1,90000.0,1.6724074542843897e-05,16347.35954084711,0.5085122956579458,78,6178.934917242746,-0.356535720820051,-18250.092549795
517,2025-01-08 13:00:00,95348.0,90000.0,1.6493246748394723e-05,16294.180714440405,0.5085122956579458,78,6000.693829896991,-0.34813322780104916,-18210.791916974507
518,2025-01-08 14:00:00,95251.0,90000.0,1.6537817454287286e-05,16304.98780242054,0.5085122956579458,78,6034.540415423748,-0.3497352355787616,-18219.069949560962
519,2025-01-08 15:00:00,95455.3,90000.0,1.644377720733543e-05,16281.892180655841,0.5085122956579458,78,5963.43398547711,-0.34636615492109424,-18201.228610849008
520,2025-01-08 16:00:00,94754.7,90000.0,1.6763531644677343e-05,16355.741471063544,0.5085122956579458,78,6210.160065112912,-0.3579991301441404,-18255.90340788206
521,2025-01-08 17:00:00,93957.6,90000.0,1.7117173100386488e-05,16420.979882317544,0.5085122956579458,78,6500.88443305096,-0.3715030494442235,-18295.29853850745
522,2025-01-08 18:00:00,94195.7,90000.0,1.7012753768055513e-05,16403.630150660865,0.5085122956579458,78,6412.913772954853,-0.3674398603222069,-18286.1235511437
523,2025-01-08 19:00:00,94211.6,90000.0,1.7005742773897497e-05,16402.406146757847,0.5085122956579458,78,6407.073629377512,-0.3671694132684762,-18285.4315585012
524,2025-01-08 20:00:00,93947.4,90000.0,1.7121622157512247e-05,16421.681943155945,0.5085122956579458,78,6504.67465466779,-0.37167766730174934,-18295.641668811277
525,2025-01-08 21:00:00,94408.4,90000.0,1.6918580784150945e-05,16386.582958919334,0.5085122956579458,78,6335.143445603579,-0.36383124823793367,-18276.049975293325
526,2025-01-08 22:00:00,95247.5,90000.0,1.6539422975311804e-05,16305.372371372609,0.5085122956579458,78,6035.76459004567,-0.3497931207495687,-18219.362099659895
527,2025-01-08 23:00:00,95022.2,90000.0,1.6642368717783154e-05,16329.335002396632,0.5085122956579458,78,6114.993624064824,-0.3535310646281701,-18237.204310862002
528,2025-01-09 00:00:00,95110.9,90000.0,1.6601935034734944e-05,16320.087742023063,0.5085122956579458,78,6083.70083415258,-0.35205667882701,-18230.406970234304
529,2025-01-09 01:00:00,94946.9,90000.0,1.6781144301848205e-05,16228.6528564712,0.5085122956579458,77,6091.512347360083,-0.35458378597244855,-18366.680201984735
530,2025-01-09 02:00:00,94732.5,90000.0,1.6879160578380663e-05,16249.80527432346,0.5085122956579458,77,6167.921555948444,-0.3581921846686993,-18381.90737368018
531,2025-01-09 03:00:00,93966.1,90000.0,1.7222783177551266e-05,16313.42150573096,0.5085122956579458,77,6447.431098484303,-0.37126074620818816,-18421.590427572846
532,2025-01-09 04:00:00,94370.2,90000.0,1.704295907973552e-05,16282.236978730692,0.5085122956579458,77,6298.805970907022,-0.36433724776572285,-18403.564700380797
533,2025-01-09 05:00:00,94438.7,90000.0,1.7012171475854375e-05,16276.426863125225,0.5085122956579458,77,6273.888830287135,-0.36317085905136426,-18399.86548378608
534,2025-01-09 06:00:00,94052.3,90000.0,1.718468808153043e-05,16307.215626264071,0.5085122956579458,77,6415.49236145764,-0.3697777831491167,-18418.293216695973
535,2025-01-09 07:00:00,93175.6,90000.0,1.7565029436244544e-05,16358.843484151781,0.5085122956579458,77,6746.329877960961,-0.3850114942308034,-18437.735280366614
536,2025-01-09 08:00:00,92979.5,90000.0,1.7647837067376333e-05,16366.854348066792,0.5085122956579458,77,6822.168897548894,-0.38846412998765034,-18437.749417085957
537,2025-01-09 09:00:00,93464.6,90000.0,1.744143819531563e-05,16344.660941915321,0.5085122956579458,77,6635.793366478378,-0.37995301578229324,-18434.803616224173
538,2025-01-09 10:00:00,93416.0,90000.0,1.746234887901375e-05,16347.242845462039,0.5085122956579458,77,6654.279689271745,-0.3808011780131897,-18435.537854247195
539,2025-01-09 11:00:00,93410.1,90000.0,1.746488396837637e-05,16347.550885582761,0.5085122956579458,77,6656.526720168913,-0.38090421335045777,-18435.620371225003
540,2025-01-09 12:00:00,93369.0,90000.0,1.748252283224106e-05,16349.664235476821,0.5085122956579458,77,6672.196639234462,-0.3816223826851255,-18436.155380179232
541,2025-01-09 13:00:00,91933.7,90000.0,1.8073978998581727e-05,16387.117624053095,0.5085122956579458,77,7238.154282451418,-0.40714541248885594,-18410.356460943483
542,2025-01-09 14:00:00,92815.1,90000.0,1.771658089896279e-05,16372.556760668685,0.5085122956579458,77,6886.271198107104,-0.3913710937240309,-18436.52072605962
543,2025-01-09 15:00:00,94210.8,90000.0,1.7114264221756236e-05,16295.17148379133,0.5085122956579458,77,6357.0981474825385,-0.3670595847921181,-18411.453174552444
544,2025-01-09 16:00:00,94219.0,90000.0,1.7110607748945767e-05,16294.526154090841,0.5085122956579458,77,6354.088834227849,-0.3669192628161658,-18411.0720098946
545,2025-01-09 17:00:00,92635.6,90000.0,1.7790914924968406e-05,16377.719913423234,0.5085122956579458,77,6956.808125965719,-0.39455790290960846,-18433.87863129563
546,2025-01-09 18:00:00,92976.1,90000.0,1.7649265095428607e-05,16366.981666479618,0.5085122956579458,77,6823.4897775980935,-0.3885241350614018,-18437.73549216057
547,2025-01-09 19:00:00,91859.5,90000.0,1.8103164756373776e-05,16387.09522892464,0.5085122956579458,77,7268.414253283379,-0.4084875854219767,-18406.62923596155
548,2025-01-09 20:00:00,91866.4,90000.0,1.810045686157062e-05,16387.10557414194,0.5085122956579458,77,7265.596119868307,-0.4083626829266681,-18406.98592178324
549,2025-01-09 21:00:00,92062.3,90000.0,1.8023053293534604e-05,16386.69338140444,0.5085122956579458,77,7185.944695705912,-0.4048243686869678,-18416.251086181775
550,2025-01-09 22:00:00,92419.2,90000.0,1.7879499323115074e-05,16382.458710466033,0.5085122956579458,77,7042.607714787475,-0.39841746231065867,-18428.87658037759
551,2025-01-09 23:00:00,92507.7,90000.0,1.7843409455822656e-05,16380.717751464681,0.5085122956579458,77,7007.417740679302,-0.39683672217753707,-18431.163126516418
552,2025-01-10 00:00:00,92724.7,90000.0,1.775411264616015e-05,16375.296188540597,0.5085122956579458,77,6921.72358753148,-0.3929743705240927,-18435.360320518907
553,2025-01-10 01:00:00,93067.9,90000.0,1.7726077223232037e-05,16256.784633563955,0.5085122956579458,76,6737.204017927754,-0.3869042601582564,-18568.76990267627
554,2025-01-10 02:00:00,93324.7,90000.0,1.761583149550772e-05,16244.955976490273,0.5085122956579458,76,6638.4302804029285,-0.38236632697199513,-18567.01348533039
555,2025-01-10 03:00:00,93655.9,90000.0,1.747147895774716e-05,16226.398558518531,0.5085122956579458,76,6512.754095341923,-0.37655580239350317,-18560.649839131325
556,2025-01-10 04:00:00,93800.0,90000.0,1.7407938720862037e-05,16217.175338679066,0.5085122956579458,76,6458.6735806652,-0.37404273510915487,-18556.453714299183
557,2025-01-10 05:00:00,93920.7,90000.0,1.7354384061128244e-05,16208.918261086932,0.5085122956579458,76,6413.653296375225,-0.3719448259122412,-18552.278321166672
558,2025-01-10 06:00:00,94197.8,90000.0,1.7230319805580058e-05,16188.143458772414,0.5085122956579458,76,6311.252075393437,-0.367153079819297,-18540.43145654245
559,2025-01-10 07:00:00,94457.1,90000.0,1.7112867137334683e-05,16166.432024965663,0.5085122956579458,76,6216.6272223264095,-0.3627004578922779,-18526.519769437662
560,2025-01-10 08:00:00,94623.5,90000.0,1.7036829343550267e-05,16151.355468036456,0.5085122956579458,76,6156.510434567666,-0.35985919607314387,-18516.168213886904
561,2025-01-10 09:00:00,94738.5,90000.0,1.6983984531098374e-05,16140.418097314365,0.5085122956579458,76,6115.239166705607,-0.357902996997138,-18508.369050553294
562,2025-01-10 10:00:00,95158.1,90000.0,1.6789209570954508e-05,16096.963545172643,0.5085122956579458,76,5966.552511363669,-0.35081727535247265,-18475.489988564073
563,2025-01-10 11:00:00,95019.8,90000.0,1.685373929148457e-05,16111.897184362313,0.5085122956579458,76,6015.231309190465,-0.35314368894835946,-18487.088950844427
564,2025-01-10 12:00:00,94989.5,90000.0,1.6867834111813998e-05,16115.08909392586,0.5085122956579458,76,6025.939301747654,-0.35365457082474683,-18489.530502575446
565,2025-01-10 13:00:00,93513.6,90000.0,1.753379250111442e-05,16234.824633188406,0.5085122956579458,76,6566.51508921216,-0.3790464326160121,-18563.946360106893
566,2025-01-10 14:00:00,94083.5,90000.0,1.728168000197751e-05,16197.018415165945,0.5085122956579458,76,6353.330337059597,-0.36912544305835215,-18545.69826836808
567,2025-01-10 15:00:00,93695.9,90000.0,1.745388496983595e-05,16223.907819645936,0.5085122956579458,76,6497.705835739878,-0.37585729500196163,-18559.571400555717
568,2025-01-10 16:00:00,93620.6,90000.0,1.748697741599953e-05,16228.552160229121,0.5085122956579458,76,6526.057403904124,-0.37717281922660495,-18561.546307929333
569,2025-01-10 17:00:00,95767.1,90000.0,1.6501412076719224e-05,16024.185684999857,0.5085122956579458,76,5756.000489835846,-0.34067998825277035,-18415.652731700997
570,2025-01-10 18:00:00,94808.4,90000.0,1.695174877417865e-05,16133.564461387134,0.5085122956579458,76,6090.263212941529,-0.35671694261477005,-18503.37227886277
571,2025-01-10 19:00:00,95275.4,90000.0,1.6734230768599856e-05,16083.831015660531,0.5085122956579458,76,5925.517022817032,-0.3488511233830702,-18465.070191225386
572,2025-01-10 20:00:00,94620.7,90000.0,1.7038113024907567e-05,16151.616505173932,0.5085122956579458,76,6157.518107102733,-0.3599069009924929,-18516.351547781804
573,2025-01-10 21:00:00,94571.3,90000.0,1.7060737347576926e-05,16156.18067657727,0.5085122956579458,76,6175.318306782938,-0.3607491427799644,-18519.53467012825
574,2025-01-10 22:00:00,94728.8,90000.0,1.6988451030794267e-05,16141.356912294348,0.5085122956579458,76,6118.711624858071,-0.3580677633109678,-18509.04716878729
575,2025-01-10 23:00:00,94684.2,90000.0,1.700896609123734e-05,16145.634984873706,0.5085122956579458,76,6134.6983502796065,-0.3588259058450911,-18512.117086569553
576,2025-01-11 00:00:00,94560.8,90000.0,1.70655404125177e-05,16157.140717682798,0.5085122956579458,76,6179.107113343533,-0.36092830573997414,-18520.19869298096
577,2025-01-11 01:00:00,94389.9,90000.0,1.7254813507578133e-05,16063.167170684124,0.5085122956579458,75,6190.0932680775295,-0.36369368850164263,-18660.667374830013
578,2025-01-11 02:00:00,94372.5,90000.0,1.7262801737426124e-05,16064.67929945281,0.5085122956579458,75,6196.424150694278,-0.36399399176278535,-18661.68816314551
579,2025-01-11 03:00:00,94163.1,90000.0,1.7358469940653668e-05,16082.101345706276,0.5085122956579458,75,6273.023666071967,-0.36761885402510364,-18672.994630099143
580,2025-01-11 04:00:00,94024.2,90000.0,1.7421444584918557e-05,16092.863037571205,0.5085122956579458,75,6324.253578011194,-0.37003432362845734,-18679.492524006102
581,2025-01-11 05:00:00,94323.5,90000.0,1.7285265685068236e-05,16068.884592809642,0.5085122956579458,75,6214.280589278147,-0.36484041960577707,-18664.49594561151
582,2025-01-11 06:00:00,94167.6,90000.0,1.7356423192768946e-05,16081.742059325717,0.5085122956579458,75,6271.369556976453,-0.36754074551540106,-18672.770709801032
583,2025-01-11 07:00:00,94204.3,90000.0,1.73397156684749e-05,16078.78702952044,0.5085122956579458,75,6257.892496463421,-0.3669040712848093,-18670.913188219856
584,2025-01-11 08:00:00,94035.5,90000.0,1.741633607863069e-05,16092.011349907201,0.5085122956579458,75,6320.0733023176,-0.36983749016523904,-18678.99390942205
585,2025-01-11 09:00:00,94293.3,90000.0,1.7299087425265437e-05,16071.437403077316,0.5085122956579458,75,6225.306654478758,-0.36536264338278857,-18666.177239140812
586,2025-01-11 10:00:00,94449.3,90000.0,1.7227499288785222e-05,16057.93091579189,0.5085122956579458,75,6168.520287525011,-0.36266956347515245,-18657.08906219292
587,2025-01-11 11:00:00,94574.6,90000.0,1.716966095884582e-05,16046.51044437113,0.5085122956579458,75,6123.212876716643,-0.36051457827683775,-18649.06775351564
588,2025-01-11 12:00:00,94509.4,90000.0,1.71997943607727e-05,16052.516464011216,0.5085122956579458,75,6146.754943041975,-0.3616350229560187,-18653.321609508483
589,2025-01-11 13:00:00,94349.2,90000.0,1.72734894105693e-05,16066.688720272099,0.5085122956579458,75,6204.909897570833,-0.3643963395751666,-18663.03560368434
590,2025-01-11 14:00:00,94571.0,90000.0,1.717132685474171e-05,16046.845643790459,0.5085122956579458,75,6124.510840461444,-0.3605763920549754,-18649.30714548387
591,2025-01-11 15:00:00,94371.5,90000.0,1.7263260652629547e-05,16064.765903907903,0.5085122956579458,75,6196.78815331751,-0.3640112547939822,-18661.74645135577
592,2025-01-11 16:00:00,94418.0,90000.0,1.7241900606729627e-05,16060.70437443515,0.5085122956579458,75,6179.880286018422,-0.3632090096326248,-18658.992628171887
593,2025-01-11 17:00:00,94125.7,90000.0,1.737546491271593e-05,16085.061628645457,0.5085122956579458,75,6286.784755342829,-0.36826837869475415,-18674.823151514072
594,2025-01-11 18:00:00,94232.3,90000.0,1.7326950690527925e-05,16076.502770690407,0.5085122956579458,75,6247.62597796855,-0.3664187379193442,-18669.458510726585
595,2025-01-11 19:00:00,94201.1,90000.0,1.734117352779271e-05,16079.046449520732,0.5085122956579458,75,6259.066678273375,-0.36695956070757774,-18671.07737171557
596,2025-01-11 20:00:00,94572.0,90000.0,1.717086413027955e-05,16046.752574754917,0.5085122956579458,75,6124.150272654966,-0.36055922095948145,-18649.240700615894
597,2025-01-11 21:00:00,94896.0,90000.0,1.7019971473891184e-05,16014.909862681383,0.5085122956579458,75,6008.227717757167,-0.3550202538720473,-18625.580983756852
598,2025-01-11 22:00:00,94554.8,90000.0,1.7178820373362108e-05,16048.34886875934,0.5085122956579458,75,6130.354431562053,-0.36085462825418335,-18650.37788122321
599,2025-01-11 23:00:00,94569.4,90000.0,1.7172067174833032e-05,16046.994487178674,0.5085122956579458,75,6125.087784668343,-0.3606038667702055,-18649.413372624163
600,2025-01-12 00:00:00,94411.3,90000.0,1.7244980867493174e-05,16061.293919748512,0.5085122956579458,75,6182.314173400446,-0.3633245406860468,-18659.394884985395
